RUN,Date,X[m],Y[m],Z[m],Source,R[m]
9497,2025-08-24,0.0,0.0,18.4,Ge68,18.4
9499,2025-08-24,0.0,0.0,18.0,Ge68,18.0
9501,2025-08-24,0.0,0.0,17.7,Ge68,17.7
9503,2025-08-24,0.0,0.0,17.5,Ge68,17.5
9505,2025-08-24,0.0,0.0,17.3,Ge68,17.3
9507,2025-08-24,0.0,0.0,17.1,Ge68,17.1
9509,2025-08-24,0.0,0.0,16.9,Ge68,16.9
9511,2025-08-24,0.0,0.0,16.7,Ge68,16.7
9513,2025-08-24,0.0,0.0,16.5,Ge68,16.5
9515,2025-08-24,0.0,0.0,16.3,Ge68,16.3
9517,2025-08-24,0.0,0.0,16.1,Ge68,16.1
9519,2025-08-24,0.0,0.0,15.9,Ge68,15.9
9521,2025-08-24,0.0,0.0,15.7,Ge68,15.7
9523,2025-08-24,0.0,0.0,15.5,Ge68,15.5
9525,2025-08-24,0.0,0.0,15.0,Ge68,15.0
9527,2025-08-24,0.0,0.0,14.0,Ge68,14.0
9529,2025-08-24,0.0,0.0,13.0,Ge68,13.0
9531,2025-08-24,0.0,0.0,11.0,Ge68,11.0
9533,2025-08-24,0.0,0.0,9.0,Ge68,9.0
9535,2025-08-24,0.0,0.0,6.0,Ge68,6.0
9537,2025-08-24,0.0,0.0,3.0,Ge68,3.0
9539,2025-08-24,0.0,0.0,1.0,Ge68,1.0
9541,2025-08-24,0.0,0.0,0.0,Ge68,0.0
9543,2025-08-24,0.0,0.0,-1.0,Ge68,1.0
9545,2025-08-24,0.0,0.0,-3.0,Ge68,3.0
9547,2025-08-24,0.0,0.0,-6.0,Ge68,6.0
9549,2025-08-24,0.0,0.0,-9.0,Ge68,9.0
9551,2025-08-24,0.0,0.0,-11.0,Ge68,11.0
9553,2025-08-24,0.0,0.0,-13.0,Ge68,13.0
9555,2025-08-24,0.0,0.0,-14.0,Ge68,14.0
9557,2025-08-24,0.0,0.0,-15.0,Ge68,15.0
9559,2025-08-24,0.0,0.0,-15.5,Ge68,15.5
9561,2025-08-24,0.0,0.0,-15.7,Ge68,15.7
9563,2025-08-24,0.0,0.0,-15.9,Ge68,15.9
9565,2025-08-24,0.0,0.0,-16.1,Ge68,16.1
9567,2025-08-24,0.0,0.0,-16.3,Ge68,16.3
9569,2025-08-24,0.0,0.0,-16.5,Ge68,16.5
9571,2025-08-24,0.0,0.0,-16.7,Ge68,16.7
9573,2025-08-24,0.0,0.0,-16.9,Ge68,16.9
9575,2025-08-24,0.0,0.0,-17.1,Ge68,17.1
9577,2025-08-24,0.0,0.0,-17.3,Ge68,17.3
9589,2025-08-24,0.0,0.0,14.0,Co60,14.0
9591,2025-08-24,0.0,0.0,0.0,Co60,0.0
9593,2025-08-25,0.0,0.0,-14.0,Co60,14.0
9598,2025-08-25,0.0,0.0,14.0,Cs137,14.0
9600,2025-08-25,0.0,0.0,0.0,Cs137,0.0
9602,2025-08-25,0.0,0.0,-14.0,Cs137,14.0
9607,2025-08-25,0.0,0.0,14.0,AmC117,14.0
9609,2025-08-25,0.0,0.0,0.0,AmC117,0.0
9611,2025-08-25,0.0,0.0,-14.0,AmC117,14.0
9618,2025-08-25,0.0,0.0,14.0,Mn54,14.0
9624,2025-08-25,0.0,0.0,0.0,Mn54,0.0
9632,2025-08-25,0.0,0.0,0.0,K40,0.0
10104,2025-09-12,0.0,0.0,17.3,AmC117,17.3
10106,2025-09-12,0.0,0.0,16.1,AmC117,16.1
10108,2025-09-12,0.0,0.0,14.0,AmC117,14.0
10110,2025-09-12,0.0,0.0,0.0,AmC117,0.0
10394,2025-09-28,0.0,0.0,0.0,AmC117,0.0
10396,2025-09-28,0.0,0.0,-14.0,AmC117,14.0
10398,2025-09-28,0.0,0.0,-16.1,AmC117,16.1
10400,2025-09-28,0.0,0.0,-17.3,AmC117,17.3
10735,2025-10-22,0.0,0.0,17.7,Ge68,17.7
10737,2025-10-22,0.0,0.0,17.65,Ge68,17.65
10739,2025-10-22,0.0,0.0,17.6,Ge68,17.6
10741,2025-10-22,0.0,0.0,17.55,Ge68,17.55
10743,2025-10-22,0.0,0.0,17.5,Ge68,17.5
10745,2025-10-22,0.0,0.0,17.45,Ge68,17.45
10747,2025-10-22,0.0,0.0,17.4,Ge68,17.4
10749,2025-10-22,0.0,0.0,17.35,Ge68,17.35
10751,2025-10-22,0.0,0.0,17.3,Ge68,17.3
10753,2025-10-22,0.0,0.0,17.25,Ge68,17.25
10755,2025-10-22,0.0,0.0,17.2,Ge68,17.2
10757,2025-10-22,0.0,0.0,17.15,Ge68,17.15
10759,2025-10-22,0.0,0.0,17.1,Ge68,17.1
10761,2025-10-22,0.0,0.0,17.05,Ge68,17.05
10763,2025-10-22,0.0,0.0,17.0,Ge68,17.0
10765,2025-10-22,0.0,0.0,16.95,Ge68,16.95
10767,2025-10-22,0.0,0.0,16.9,Ge68,16.9
10769,2025-10-22,0.0,0.0,16.8,Ge68,16.8
10771,2025-10-22,0.0,0.0,16.7,Ge68,16.7
10773,2025-10-22,0.0,0.0,16.6,Ge68,16.6
10775,2025-10-22,0.0,0.0,16.4,Ge68,16.4
10777,2025-10-22,0.0,0.0,16.2,Ge68,16.2
10779,2025-10-22,0.0,0.0,16.0,Ge68,16.0
10781,2025-10-22,0.0,0.0,15.8,Ge68,15.8
10783,2025-10-22,0.0,0.0,15.6,Ge68,15.6
10785,2025-10-22,0.0,0.0,14.0,Ge68,14.0
10787,2025-10-22,0.0,0.0,12.0,Ge68,12.0
10789,2025-10-22,0.0,0.0,10.0,Ge68,10.0
10791,2025-10-22,0.0,0.0,8.0,Ge68,8.0
10793,2025-10-22,0.0,0.0,7.0,Ge68,7.0
10795,2025-10-22,0.0,0.0,5.0,Ge68,5.0
10797,2025-10-22,0.0,0.0,4.0,Ge68,4.0
10799,2025-10-22,0.0,0.0,2.0,Ge68,2.0
10801,2025-10-22,0.0,0.0,0.5,Ge68,0.5
10803,2025-10-22,0.0,0.0,0.0,Ge68,0.0
10805,2025-10-22,0.0,0.0,-0.5,Ge68,0.5
10807,2025-10-22,0.0,0.0,-2.0,Ge68,2.0
10809,2025-10-22,0.0,0.0,-4.0,Ge68,4.0
10811,2025-10-22,0.0,0.0,-5.0,Ge68,5.0
10813,2025-10-22,0.0,0.0,-7.0,Ge68,7.0
10815,2025-10-22,0.0,0.0,-8.0,Ge68,8.0
10817,2025-10-22,0.0,0.0,-10.0,Ge68,10.0
10819,2025-10-22,0.0,0.0,-12.0,Ge68,12.0
10821,2025-10-22,0.0,0.0,-14.0,Ge68,14.0
10823,2025-10-22,0.0,0.0,-15.6,Ge68,15.6
10825,2025-10-22,0.0,0.0,-15.8,Ge68,15.8
10827,2025-10-22,0.0,0.0,-16.0,Ge68,16.0
10829,2025-10-22,0.0,0.0,-16.2,Ge68,16.2
10831,2025-10-22,0.0,0.0,-16.4,Ge68,16.4
10833,2025-10-22,0.0,0.0,-16.6,Ge68,16.6
10835,2025-10-22,0.0,0.0,-16.8,Ge68,16.8
10837,2025-10-22,0.0,0.0,-16.95,Ge68,16.95
10839,2025-10-22,0.0,0.0,-17.0,Ge68,17.0
10841,2025-10-22,0.0,0.0,-17.05,Ge68,17.05
10843,2025-10-22,0.0,0.0,-17.15,Ge68,17.15
10845,2025-10-22,0.0,0.0,-17.2,Ge68,17.2
10847,2025-10-22,0.0,0.0,-17.25,Ge68,17.25
10858,2025-10-23,0.0,0.0,14.0,AmC117,14.0
10860,2025-10-23,0.0,0.0,0.0,AmC117,0.0
10862,2025-10-23,0.0,0.0,-14.0,AmC117,14.0
10974,2025-10-29,0.0,0.0,14.0,AmC117,14.0
10976,2025-10-29,0.0,0.0,0.0,AmC117,0.0
11139,2025-11-06,0.0,0.0,14.0,AmC117,14.0
11142,2025-11-06,0.0,0.0,0.0,AmC117,0.0
11302,2025-11-14,0.0,0.0,14.0,AmC117,14.0
11304,2025-11-14,0.0,0.0,0.0,AmC117,0.0
11306,2025-11-14,0.0,0.0,-14.0,AmC117,14.0
11381,2025-11-18,0.0,0.0,14.0,AmC117,14.0
11383,2025-11-18,0.0,0.0,0.0,AmC117,0.0
11385,2025-11-18,0.0,0.0,-14.0,AmC117,14.0
11565,2025-11-26,0.0,0.0,14.0,AmC117,14.0
11567,2025-11-26,0.0,0.0,0.0,AmC117,0.0
11569,2025-11-26,0.0,0.0,-14.0,AmC117,14.0
11959,2025-12-11,0.0,0.0,18.4,Ge68,18.4
11961,2025-12-11,0.0,0.0,18.0,Ge68,18.0
11963,2025-12-11,0.0,0.0,17.7,Ge68,17.7
11965,2025-12-11,0.0,0.0,17.5,Ge68,17.5
11967,2025-12-11,0.0,0.0,17.3,Ge68,17.3
11969,2025-12-11,0.0,0.0,17.1,Ge68,17.1
11971,2025-12-11,0.0,0.0,16.9,Ge68,16.9
11973,2025-12-11,0.0,0.0,16.7,Ge68,16.7
11975,2025-12-11,0.0,0.0,16.5,Ge68,16.5
11977,2025-12-11,0.0,0.0,16.3,Ge68,16.3
11979,2025-12-11,0.0,0.0,16.1,Ge68,16.1
11981,2025-12-11,0.0,0.0,15.9,Ge68,15.9
11983,2025-12-11,0.0,0.0,15.7,Ge68,15.7
11985,2025-12-11,0.0,0.0,15.5,Ge68,15.5
11987,2025-12-11,0.0,0.0,15.0,Ge68,15.0
11989,2025-12-11,0.0,0.0,14.0,Ge68,14.0
11991,2025-12-11,0.0,0.0,13.0,Ge68,13.0
11993,2025-12-11,0.0,0.0,11.0,Ge68,11.0
11995,2025-12-11,0.0,0.0,9.0,Ge68,9.0
11997,2025-12-11,0.0,0.0,6.0,Ge68,6.0
11999,2025-12-11,0.0,0.0,3.0,Ge68,3.0
12001,2025-12-11,0.0,0.0,1.0,Ge68,1.0
12003,2025-12-11,0.0,0.0,0.0,Ge68,0.0
12005,2025-12-11,0.0,0.0,-1.0,Ge68,1.0
12007,2025-12-11,0.0,0.0,-3.0,Ge68,3.0
12009,2025-12-11,0.0,0.0,-6.0,Ge68,6.0
12011,2025-12-11,0.0,0.0,-9.0,Ge68,9.0
12013,2025-12-11,0.0,0.0,-11.0,Ge68,11.0
12015,2025-12-11,0.0,0.0,-13.0,Ge68,13.0
12017,2025-12-11,0.0,0.0,-14.0,Ge68,14.0
12019,2025-12-11,0.0,0.0,-15.0,Ge68,15.0
12021,2025-12-11,0.0,0.0,-15.5,Ge68,15.5
12023,2025-12-11,0.0,0.0,-15.7,Ge68,15.7
12025,2025-12-11,0.0,0.0,-15.9,Ge68,15.9
12027,2025-12-11,0.0,0.0,-16.1,Ge68,16.1
12029,2025-12-11,0.0,0.0,-16.3,Ge68,16.3
12031,2025-12-11,0.0,0.0,-16.5,Ge68,16.5
12033,2025-12-11,0.0,0.0,-16.7,Ge68,16.7
12035,2025-12-11,0.0,0.0,-16.9,Ge68,16.9
12037,2025-12-11,0.0,0.0,-17.1,Ge68,17.1
12039,2025-12-11,0.0,0.0,-17.3,Ge68,17.3
12061,2025-12-12,0.0,0.0,17.0,Co60,17.0
12063,2025-12-12,0.0,0.0,16.5,Co60,16.5
12065,2025-12-12,0.0,0.0,16.0,Co60,16.0
12067,2025-12-12,0.0,0.0,14.0,Co60,14.0
12069,2025-12-12,0.0,0.0,0.0,Co60,0.0
12071,2025-12-12,0.0,0.0,-14.0,Co60,14.0
12073,2025-12-12,0.0,0.0,-16.0,Co60,16.0
12075,2025-12-12,0.0,0.0,-16.5,Co60,16.5
12077,2025-12-12,0.0,0.0,-17.0,Co60,17.0
12090,2025-12-13,0.0,0.0,17.0,Mn54,17.0
12092,2025-12-13,0.0,0.0,16.5,Mn54,16.5
12094,2025-12-13,0.0,0.0,16.0,Mn54,16.0
12096,2025-12-13,0.0,0.0,14.0,Mn54,14.0
12098,2025-12-13,0.0,0.0,0.0,Mn54,0.0
12100,2025-12-13,0.0,0.0,-14.0,Mn54,14.0
12102,2025-12-13,0.0,0.0,-16.0,Mn54,16.0
12104,2025-12-13,0.0,0.0,-16.5,Mn54,16.5
12106,2025-12-13,0.0,0.0,-17.0,Mn54,17.0
12110,2025-12-13,0.0,0.0,17.0,Cs137,17.0
12112,2025-12-13,0.0,0.0,16.5,Cs137,16.5
12114,2025-12-13,0.0,0.0,16.0,Cs137,16.0
12116,2025-12-13,0.0,0.0,14.0,Cs137,14.0
12118,2025-12-13,0.0,0.0,0.0,Cs137,0.0
12120,2025-12-13,0.0,0.0,-14.0,Cs137,14.0
12122,2025-12-13,0.0,0.0,-16.0,Cs137,16.0
12124,2025-12-13,0.0,0.0,-16.5,Cs137,16.5
12126,2025-12-13,0.0,0.0,-17.0,Cs137,17.0
12208,2025-12-15,0.0,0.0,17.0,Co60,17.0
12210,2025-12-15,0.0,0.0,16.5,Co60,16.5
12212,2025-12-15,0.0,0.0,16.0,Co60,16.0
12214,2025-12-15,0.0,0.0,14.0,Co60,14.0
12216,2025-12-15,0.0,0.0,0.0,Co60,0.0
12218,2025-12-15,0.0,0.0,-14.0,Co60,14.0
12222,2025-12-15,0.0,0.0,-16.0,Co60,16.0
12224,2025-12-15,0.0,0.0,-16.5,Co60,16.5
12226,2025-12-15,0.0,0.0,-17.0,Co60,17.0
12235,2025-12-15,0.0,0.0,17.0,Mn54,17.0
12237,2025-12-15,0.0,0.0,16.5,Mn54,16.5
12240,2025-12-15,0.0,0.0,16.0,Mn54,16.0
12245,2025-12-15,0.0,0.0,14.0,Mn54,14.0
12247,2025-12-15,0.0,0.0,0.0,Mn54,0.0
12249,2025-12-15,0.0,0.0,-14.0,Mn54,14.0
12251,2025-12-15,0.0,0.0,-16.0,Mn54,16.0
12253,2025-12-15,0.0,0.0,-16.5,Mn54,16.5
12255,2025-12-15,0.0,0.0,-17.0,Mn54,17.0
12267,2025-12-16,0.0,0.0,17.0,AmC117,17.0
12269,2025-12-16,0.0,0.0,16.5,AmC117,16.5
12271,2025-12-16,0.0,0.0,16.0,AmC117,16.0
12273,2025-12-16,0.0,0.0,14.0,AmC117,14.0
12275,2025-12-16,0.0,0.0,0.0,AmC117,0.0
12277,2025-12-16,0.0,0.0,-14.0,AmC117,14.0
12279,2025-12-16,0.0,0.0,-16.0,AmC117,16.0
12281,2025-12-16,0.0,0.0,-16.5,AmC117,16.5
12283,2025-12-16,0.0,0.0,-17.0,AmC117,17.0
12287,2025-12-16,0.0,0.0,17.0,Cs137,17.0
12289,2025-12-16,0.0,0.0,16.5,Cs137,16.5
12291,2025-12-16,0.0,0.0,16.0,Cs137,16.0
12293,2025-12-16,0.0,0.0,14.0,Cs137,14.0
12295,2025-12-16,0.0,0.0,0.0,Cs137,0.0
12297,2025-12-16,0.0,0.0,-14.0,Cs137,14.0
12299,2025-12-16,0.0,0.0,-16.0,Cs137,16.0
12301,2025-12-16,0.0,0.0,-16.5,Cs137,16.5
12303,2025-12-16,0.0,0.0,-17.0,Cs137,17.0
12325,2025-12-17,0.0,0.0,18.4,Ge68,18.4
12327,2025-12-17,0.0,0.0,18.0,Ge68,18.0
12330,2025-12-17,0.0,0.0,17.7,Ge68,17.7
12332,2025-12-17,0.0,0.0,17.5,Ge68,17.5
12334,2025-12-17,0.0,0.0,17.3,Ge68,17.3
12336,2025-12-17,0.0,0.0,17.1,Ge68,17.1
12338,2025-12-17,0.0,0.0,16.9,Ge68,16.9
12340,2025-12-17,0.0,0.0,16.7,Ge68,16.7
12342,2025-12-17,0.0,0.0,16.5,Ge68,16.5
12344,2025-12-17,0.0,0.0,16.3,Ge68,16.3
12346,2025-12-17,0.0,0.0,16.1,Ge68,16.1
12348,2025-12-17,0.0,0.0,15.9,Ge68,15.9
12350,2025-12-17,0.0,0.0,15.7,Ge68,15.7
12352,2025-12-17,0.0,0.0,15.5,Ge68,15.5
12354,2025-12-17,0.0,0.0,15.0,Ge68,15.0
12356,2025-12-17,0.0,0.0,14.0,Ge68,14.0
12358,2025-12-17,0.0,0.0,13.0,Ge68,13.0
12360,2025-12-17,0.0,0.0,11.0,Ge68,11.0
12362,2025-12-17,0.0,0.0,9.0,Ge68,9.0
12364,2025-12-17,0.0,0.0,6.0,Ge68,6.0
12366,2025-12-17,0.0,0.0,3.0,Ge68,3.0
12368,2025-12-17,0.0,0.0,1.0,Ge68,1.0
12370,2025-12-17,0.0,0.0,0.0,Ge68,0.0
12374,2025-12-17,0.0,0.0,-1.0,Ge68,1.0
12376,2025-12-17,0.0,0.0,-3.0,Ge68,3.0
12378,2025-12-17,0.0,0.0,-6.0,Ge68,6.0
12380,2025-12-17,0.0,0.0,-9.0,Ge68,9.0
12382,2025-12-17,0.0,0.0,-11.0,Ge68,11.0
12384,2025-12-17,0.0,0.0,-13.0,Ge68,13.0
12386,2025-12-17,0.0,0.0,-14.0,Ge68,14.0
12388,2025-12-17,0.0,0.0,-15.0,Ge68,15.0
12390,2025-12-17,0.0,0.0,-15.5,Ge68,15.5
12392,2025-12-17,0.0,0.0,-15.7,Ge68,15.7
12395,2025-12-17,0.0,0.0,-15.9,Ge68,15.9
12398,2025-12-17,0.0,0.0,-16.1,Ge68,16.1
12401,2025-12-17,0.0,0.0,-16.3,Ge68,16.3
12404,2025-12-17,0.0,0.0,-16.5,Ge68,16.5
12407,2025-12-17,0.0,0.0,-16.7,Ge68,16.7
12409,2025-12-17,0.0,0.0,-16.9,Ge68,16.9
12412,2025-12-17,0.0,0.0,-17.1,Ge68,17.1
12414,2025-12-17,0.0,0.0,-17.3,Ge68,17.3
12576,2025-12-23,0.0,0.0,0.0,AmC117,0.0
13152,2026-01-16,0.0,0.0,14.0,AmC117,14.0
13154,2026-01-16,0.0,0.0,0.0,AmC117,0.0
13156,2026-01-16,0.0,0.0,-14.0,AmC117,14.0
13535,2026-02-06,0.0,0.0,0.0,AmC117,0.0
13642,2026-02-13,0.0,0.0,0.0,AmC117,0.0
13744,2026-02-20,0.0,0.0,0.0,AmC117,0.0
13880,2026-02-27,0.0,0.0,0.0,AmC117,0.0
13890,2026-02-27,0.0,0.0,0.0,AmC117,0.0
13894,2026-02-27,0.0,0.0,0.0,Cs137,0.0
13985,2026-03-01,0.0,0.0,0.0,AmC117,0.0
14083,2026-03-06,0.0,0.0,0.0,Mn54,0.0
14087,2026-03-06,0.0,0.0,0.0,Co60,0.0
14091,2026-03-06,0.0,0.0,0.0,Ge68,0.0
14213,2026-03-13,0.0,0.0,0.0,AmC117,0.0
14373,2026-03-23,0.0,0.0,18.4,Ge68,18.4
14375,2026-03-23,0.0,0.0,18.0,Ge68,18.0
14377,2026-03-23,0.0,0.0,17.7,Ge68,17.7
14379,2026-03-23,0.0,0.0,17.5,Ge68,17.5
14381,2026-03-23,0.0,0.0,17.3,Ge68,17.3
14383,2026-03-23,0.0,0.0,17.1,Ge68,17.1
14385,2026-03-23,0.0,0.0,16.9,Ge68,16.9
14387,2026-03-23,0.0,0.0,16.7,Ge68,16.7
14389,2026-03-23,0.0,0.0,16.5,Ge68,16.5
14391,2026-03-23,0.0,0.0,16.3,Ge68,16.3
14393,2026-03-23,0.0,0.0,16.1,Ge68,16.1
14395,2026-03-23,0.0,0.0,15.9,Ge68,15.9
14397,2026-03-23,0.0,0.0,15.7,Ge68,15.7
14399,2026-03-23,0.0,0.0,15.5,Ge68,15.5
14401,2026-03-23,0.0,0.0,15.0,Ge68,15.0
14403,2026-03-23,0.0,0.0,14.0,Ge68,14.0
14405,2026-03-23,0.0,0.0,13.0,Ge68,13.0
14407,2026-03-23,0.0,0.0,11.0,Ge68,11.0
14409,2026-03-23,0.0,0.0,9.0,Ge68,9.0
14411,2026-03-23,0.0,0.0,6.0,Ge68,6.0
14413,2026-03-23,0.0,0.0,3.0,Ge68,3.0
14415,2026-03-23,0.0,0.0,1.0,Ge68,1.0
14417,2026-03-23,0.0,0.0,0.0,Ge68,0.0
14419,2026-03-23,0.0,0.0,-1.0,Ge68,1.0
14421,2026-03-23,0.0,0.0,-3.0,Ge68,3.0
14423,2026-03-23,0.0,0.0,-6.0,Ge68,6.0
14425,2026-03-23,0.0,0.0,-9.0,Ge68,9.0
14427,2026-03-23,0.0,0.0,-11.0,Ge68,11.0
14429,2026-03-23,0.0,0.0,-13.0,Ge68,13.0
14431,2026-03-23,0.0,0.0,-14.0,Ge68,14.0
14433,2026-03-23,0.0,0.0,-15.0,Ge68,15.0
14435,2026-03-23,0.0,0.0,-15.5,Ge68,15.5
14437,2026-03-23,0.0,0.0,-15.7,Ge68,15.7
14439,2026-03-23,0.0,0.0,-15.9,Ge68,15.9
14441,2026-03-23,0.0,0.0,-16.1,Ge68,16.1
14443,2026-03-23,0.0,0.0,-16.3,Ge68,16.3
14445,2026-03-23,0.0,0.0,-16.5,Ge68,16.5
14447,2026-03-23,0.0,0.0,-16.7,Ge68,16.7
14449,2026-03-23,0.0,0.0,-16.9,Ge68,16.9
14451,2026-03-23,0.0,0.0,-17.1,Ge68,17.1
14453,2026-03-23,0.0,0.0,-17.3,Ge68,17.3
14457,2026-03-23,0.0,0.0,17.0,AmC117,17.0
14459,2026-03-23,0.0,0.0,16.0,AmC117,16.0
14461,2026-03-23,0.0,0.0,14.0,AmC117,14.0
14463,2026-03-23,0.0,0.0,0.0,AmC117,0.0
14465,2026-03-23,0.0,0.0,-10.0,AmC117,10.0
14467,2026-03-23,0.0,0.0,-14.0,AmC117,14.0
14469,2026-03-23,0.0,0.0,-16.0,AmC117,16.0
14471,2026-03-23,0.0,0.0,-17.0,AmC117,17.0
14529,2026-03-27,0.0,0.0,17.7,Ge68,17.7
14531,2026-03-27,0.0,0.0,17.67,Ge68,17.67
14533,2026-03-27,0.0,0.0,17.65,Ge68,17.65
14535,2026-03-27,0.0,0.0,17.62,Ge68,17.62
14537,2026-03-27,0.0,0.0,17.6,Ge68,17.6
14539,2026-03-27,0.0,0.0,17.57,Ge68,17.57
14541,2026-03-27,0.0,0.0,17.55,Ge68,17.55
14543,2026-03-27,0.0,0.0,17.52,Ge68,17.52
14545,2026-03-27,0.0,0.0,17.48,Ge68,17.48
14547,2026-03-27,0.0,0.0,17.45,Ge68,17.45
14549,2026-03-27,0.0,0.0,17.42,Ge68,17.42
14551,2026-03-27,0.0,0.0,17.4,Ge68,17.4
14553,2026-03-27,0.0,0.0,17.37,Ge68,17.37
14555,2026-03-27,0.0,0.0,17.35,Ge68,17.35
14557,2026-03-27,0.0,0.0,17.32,Ge68,17.32
14559,2026-03-27,0.0,0.0,17.27,Ge68,17.27
14561,2026-03-27,0.0,0.0,17.25,Ge68,17.25
14563,2026-03-27,0.0,0.0,17.23,Ge68,17.23
14565,2026-03-27,0.0,0.0,17.2,Ge68,17.2
14567,2026-03-27,0.0,0.0,17.15,Ge68,17.15
14569,2026-03-27,0.0,0.0,17.05,Ge68,17.05
14571,2026-03-27,0.0,0.0,17.0,Ge68,17.0
14573,2026-03-27,0.0,0.0,16.95,Ge68,16.95
14575,2026-03-27,0.0,0.0,16.85,Ge68,16.85
14577,2026-03-27,0.0,0.0,16.8,Ge68,16.8
14579,2026-03-27,0.0,0.0,16.75,Ge68,16.75
14581,2026-03-27,0.0,0.0,16.65,Ge68,16.65
14583,2026-03-27,0.0,0.0,16.6,Ge68,16.6
14585,2026-03-27,0.0,0.0,16.4,Ge68,16.4
14587,2026-03-27,0.0,0.0,16.2,Ge68,16.2
14589,2026-03-27,0.0,0.0,16.0,Ge68,16.0
14591,2026-03-27,0.0,0.0,15.8,Ge68,15.8
14593,2026-03-27,0.0,0.0,15.6,Ge68,15.6
14595,2026-03-27,0.0,0.0,-15.6,Ge68,15.6
14597,2026-03-27,0.0,0.0,-15.8,Ge68,15.8
14599,2026-03-27,0.0,0.0,-16.0,Ge68,16.0
14601,2026-03-27,0.0,0.0,-16.2,Ge68,16.2
14603,2026-03-27,0.0,0.0,-16.4,Ge68,16.4
14605,2026-03-27,0.0,0.0,-16.6,Ge68,16.6
14607,2026-03-27,0.0,0.0,-16.65,Ge68,16.65
14609,2026-03-27,0.0,0.0,-16.75,Ge68,16.75
14611,2026-03-27,0.0,0.0,-16.8,Ge68,16.8
14613,2026-03-27,0.0,0.0,-16.85,Ge68,16.85
14615,2026-03-27,0.0,0.0,-16.95,Ge68,16.95
14617,2026-03-27,0.0,0.0,-17.0,Ge68,17.0
14619,2026-03-27,0.0,0.0,-17.05,Ge68,17.05
14621,2026-03-27,0.0,0.0,-17.15,Ge68,17.15
14623,2026-03-27,0.0,0.0,-17.2,Ge68,17.2
14625,2026-03-27,0.0,0.0,-17.23,Ge68,17.23
14627,2026-03-27,0.0,0.0,-17.25,Ge68,17.25
14629,2026-03-27,0.0,0.0,-17.28,Ge68,17.28
14729,2026-04-03,0.0,0.0,0.0,AmC117,0.0
14834,2026-04-10,0.0,0.0,0.0,AmC117,0.0
14943,2026-04-17,0.0,0.0,0.0,AmC117,0.0
15151,2026-04-24,0.0,0.0,0.0,AmC117,0.0
