r_reco_mm,merged_smooth_bias_r_rec_minus_r_true_mm
0.0,0.0
8.854427213606805,-1.2570175185991563
17.70885442721361,-1.6328619800274762
26.56328164082041,-2.00227780540072
35.41770885442722,-2.3653289269467095
44.27213606803402,-2.722079276893265
53.12656328164082,-3.0725927874682095
61.980990495247624,-3.4169333908993638
70.83541770885444,-3.7551650194145494
79.68984492246123,-4.087351605241587
88.54427213606805,-4.413557080608298
97.39869934967486,-4.733845377742505
106.25312656328164,-5.048280428872029
115.10755377688844,-5.35692616622469
123.96198099049525,-5.659846522028313
132.81640820410206,-5.957105428510714
141.67083541770887,-6.248766817899718
150.52526263131566,-6.534894622423148
159.37968984492247,-6.815552774308823
168.23411705852928,-7.090805205784565
177.0885442721361,-7.360715849078193
185.94297148574287,-7.625348636417532
194.7973986993497,-7.884767500030402
203.6518259129565,-8.139036372144625
212.50625312656328,-8.388219184988019
221.3606803401701,-8.63237987078841
230.21510755377687,-8.87158236177362
239.06953476738371,-9.105890590171466
247.9239619809905,-9.33536848820977
256.7783891945973,-9.560079988116355
265.6328164082041,-9.780089022119045
274.48724362181093,-9.995459522445659
283.34167083541774,-10.206255421324014
292.1960980490245,-10.41254065098194
301.0505252626313,-10.61437914364725
309.9049524762381,-10.811834831547772
318.75937968984493,-11.004971646911326
327.61380690345175,-11.193853521965732
336.46823411705856,-11.37854438893881
345.32266133066537,-11.55910818005838
354.1770885442722,-11.735608827552275
363.03151575787894,-11.908110263648302
371.88594297148575,-12.076676420574293
380.74037018509256,-12.241371230558057
389.5947973986994,-12.402258625827429
398.4492246123062,-12.559402538610225
407.303651825913,-12.712866901134264
416.1580790395198,-12.86271564562737
425.01250625312656,-13.009012704317362
433.86693346673337,-13.151822009432067
442.7213606803402,-13.2912074931993
451.575787893947,-13.427233087846885
460.43021510755375,-13.559962725602643
469.2846423211606,-13.6894603386944
478.13906953476743,-13.815789859349971
486.99349674837424,-13.93901521979718
495.847923961981,-14.059200352263847
504.7023511755878,-14.176409188977797
513.5567783891946,-14.29070566216685
522.4112056028014,-14.402153704058826
531.2656328164082,-14.510817246881544
540.120060030015,-14.616760222862826
548.9744872436219,-14.720046564230502
557.8289144572286,-14.820740203212385
566.6833416708355,-14.918905072036301
575.5377688844424,-15.014605102930066
584.392196098049,-15.1079042281215
593.2466233116559,-15.198866379838437
602.1010505252626,-15.287555490308685
610.9554777388695,-15.374035491760077
619.8099049524762,-15.458370316420423
628.6643321660831,-15.54062389651755
637.5187593796899,-15.620860164279277
646.3731865932966,-15.699143051933435
655.2276138069035,-15.77553649170783
664.0820410205102,-15.850104415830295
672.9364682341171,-15.922910756528648
681.7908954477239,-15.99401944603071
690.6453226613307,-16.063494416564296
699.4997498749375,-16.131399600357245
708.3541770885444,-16.197798929637354
717.2086043021511,-16.26275633663247
726.0630315157579,-16.326335753570397
734.9174587293647,-16.388601112678966
743.7718859429715,-16.449616346185987
752.6263131565784,-16.509445386319292
761.4807403701851,-16.5681521653067
770.335167583792,-16.625800615376033
779.1895947973989,-16.6824546687551
788.0440220110055,-16.738178257671745
796.8984492246124,-16.793035314353766
805.7528764382191,-16.84708977102901
814.607303651826,-16.90040555992528
823.4617308654327,-16.95304661327039
832.3161580790396,-17.005076863292192
841.1705852926464,-17.056560242218477
850.0250125062531,-17.107560682277075
858.87943971986,-17.15814211569582
867.7338669334667,-17.20836847470252
876.5882941470736,-17.258303691525004
885.4427213606804,-17.30801169839108
894.2971485742872,-17.357556427528586
903.151575787894,-17.407001811165333
912.0060030015009,-17.456411781529155
920.8604302151075,-17.505850270847855
929.7148574287144,-17.55538121134927
938.5692846423212,-17.605068535261207
947.423711855928,-17.654976174811505
956.2781390695349,-17.70516806222797
965.1325662831416,-17.755708129738426
973.9869934967485,-17.80662251714026
982.8414207103552,-17.85749894999718
991.695847923962,-17.908207363406483
1000.5502751375687,-17.958747245334436
1009.4047023511756,-18.009118083747314
1018.2591295647825,-18.05931936661136
1027.1135567783892,-18.109350581892837
1035.9679839919959,-18.159211217558
1044.8224112056027,-18.20890076157312
1053.6768384192096,-18.258418701904453
1062.5312656328165,-18.307764526518255
1071.3856928464234,-18.35693772338079
1080.24012006003,-18.405937780458313
1089.0945472736369,-18.45476418571709
1097.9489744872437,-18.50341642712338
1106.8034017008506,-18.55189399264344
1115.6578289144572,-18.600196370243527
1124.512256128064,-18.648323047889907
1133.366683341671,-18.696273513548835
1142.2211105552778,-18.744047255186576
1151.0755377688847,-18.791643760769386
1159.9299649824911,-18.83906251826352
1168.784392196098,-18.88630301563525
1177.6388194097049,-18.933364740850834
1186.4932466233117,-18.980247181876518
1195.3476738369184,-19.02694982667857
1204.2021010505252,-19.07347216322326
1213.056528264132,-19.119813679476835
1221.910955477739,-19.165973863405558
1230.7653826913458,-19.21195220297569
1239.6198099049525,-19.25774818615349
1248.4742371185594,-19.30336130090522
1257.3286643321662,-19.348791035197138
1266.183091545773,-19.394036876995504
1275.0375187593797,-19.439098314266577
1283.8919459729866,-19.483974834976614
1292.7463731865932,-19.528665927091883
1301.6008004002001,-19.57317107857864
1310.455227613807,-19.61748977740314
1319.3096548274136,-19.66162151153165
1328.1640820410205,-19.705565768930427
1337.0185092546274,-19.749322037565733
1345.8729364682342,-19.79288980540382
1354.727363681841,-19.836268560410957
1363.5817908954477,-19.879457790553396
1372.4362181090546,-19.92245698379741
1381.2906453226615,-19.965265628109243
1390.1450725362683,-20.007883211455162
1398.999499749875,-20.050309221801427
1407.8539269634819,-20.092543147114302
1416.7083541770887,-20.13458447536004
1425.5627813906954,-20.176432694504904
1434.4172086043022,-20.218087292515154
1443.2716358179089,-20.259547757357044
1452.1260630315157,-20.300813576996845
1460.9804902451226,-20.341884239400805
1469.8349174587295,-20.38275923253519
1478.6893446723361,-20.423438044366264
1487.543771885943,-20.463920162860276
1496.3981990995499,-20.504205075983496
1505.2526263131567,-20.544292271702183
1514.1070535267636,-20.584181237982584
1522.9614807403702,-20.623871462790976
1531.815907953977,-20.663362434093614
1540.670335167584,-20.702653639856752
1549.5247623811908,-20.741744568046652
1558.3791895947977,-20.780634706629574
1567.2336168084041,-20.81932354357178
1576.088044022011,-20.857810566839532
1584.9424712356179,-20.896095264399083
1593.7968984492247,-20.9341771242167
1602.6513256628314,-20.97205563425863
1611.5057528764382,-21.00973028249115
1620.360180090045,-21.04720055688051
1629.214607303652,-21.084465945392974
1638.0690345172588,-21.121525935994796
1646.9234617308655,-21.15838001665224
1655.7778889444724,-21.19502767533157
1664.6323161580792,-21.231468399999038
1673.486743371686,-21.267701678620906
1682.3411705852927,-21.303726999163434
1691.1955977988996,-21.33954384959289
1700.0500250125062,-21.375151717875518
1708.904452226113,-21.41055009197759
1717.75887943972,-21.44573845986536
1726.6133066533266,-21.480716309505095
1735.4677338669335,-21.515483128863046
1744.3221610805404,-21.55003840590548
1753.1765882941472,-21.584381628598653
1762.0310155077539,-21.618512284908817
1770.8854427213607,-21.652429862802254
1779.7398699349676,-21.686133850245202
1788.5942971485745,-21.71962373520393
1797.4487243621813,-21.752899005644696
1806.303151575788,-21.78595914953376
1815.1575787893948,-21.81880365483739
1824.0120060030017,-21.851432009521833
1832.8664332166086,-21.883843701553353
1841.720860430215,-21.916038218898212
1850.5752876438219,-21.94801504952267
1859.4297148574287,-21.979773681392984
1868.2841420710356,-22.011313602475422
1877.1385692846425,-22.042634300736232
1885.992996498249,-22.07373526414168
1894.847423711856,-22.10461598065803
1903.7018509254628,-22.13527593825153
1912.5562781390697,-22.165714624888448
1921.4107053526766,-22.195931528535045
1930.2651325662832,-22.22592613715758
1939.11955977989,-22.25569793872231
1947.973986993497,-22.285246421195495
1956.8284142071038,-22.3145710725434
1965.6828414207105,-22.343671380732278
1974.5372686343171,-22.372546833728393
1983.391695847924,-22.401196919498005
1992.2461230615309,-22.42962112600737
2001.1005502751375,-22.45781894122275
2009.9549774887446,-22.485789853110408
2018.8094047023512,-22.5135333496366
2027.6638319159579,-22.541048918767583
2036.518259129565,-22.568336048469625
2045.3726863431716,-22.595394226708983
2054.2271135567785,-22.622222941451913
2063.0815407703853,-22.64882168066468
2071.9359679839918,-22.675189932313536
2080.790395197599,-22.701327184364754
2089.6448224112055,-22.727232924784577
2098.499249624813,-22.75290664153928
2107.3536768384192,-22.778347822595116
2116.208104052026,-22.80355595591834
2125.062531265633,-22.828530529475227
2133.91695847924,-22.853271031232023
2142.7713856928467,-22.877776949154985
2151.6258129064536,-22.902047771210388
2160.48024012006,-22.926082985364484
2169.3346673336673,-22.949882079583528
2178.1890945472737,-22.97344454183379
2187.04352176088,-22.996769860081518
2195.8979489744875,-23.01985752229298
2204.752376188094,-23.042707016434438
2213.606803401701,-23.065317830472143
2222.4612306153076,-23.087689452372363
2231.3156578289145,-23.10982137010135
2240.1700850425214,-23.131713071625374
2249.024512256128,-23.15336404491068
2257.878939469735,-23.17477377792355
2266.733366683342,-23.195941758630227
2275.5877938969484,-23.21686747499697
2284.4422211105557,-23.237550414990046
2293.296648324162,-23.25799006657571
2302.1510755377694,-23.278185917720233
2311.005502751376,-23.298137456389856
2319.8599299649823,-23.317844170550853
2328.7143571785896,-23.337305548169486
2337.568784392196,-23.356521077211998
2346.4232116058033,-23.375490245644663
2355.2776388194097,-23.39421254143374
2364.1320660330166,-23.41268745254548
2372.9864932466235,-23.43091446694616
2381.8409204602303,-23.44889307260202
2390.6953476738367,-23.46662275747933
2399.549774887444,-23.484103009544356
2408.4042021010505,-23.50133331676334
2417.258629314658,-23.51831316710256
2426.113056528264,-23.535042048528265
2434.967483741871,-23.55151944900672
2443.821910955478,-23.56774485650418
2452.6763381690844,-23.583717758986907
2461.5307653826917,-23.599437644421165
2470.385192596298,-23.614904000773212
2479.239619809905,-23.6301163160093
2488.094047023512,-23.645074078095703
2496.9484742371187,-23.659776774998665
2505.8029014507256,-23.67422389468446
2514.6573286643325,-23.68841492511934
2523.511755877939,-23.70234935426956
2532.366183091546,-23.7160266701014
2541.2206103051526,-23.729446360581093
2550.0750375187595,-23.742607913674917
2558.9294647323663,-23.75551081734913
2567.783891945973,-23.768154559569986
2576.63831915958,-23.780538628303745
2585.4927463731865,-23.792662511516674
2594.3471735867934,-23.804525697175027
2603.2016008004002,-23.816127673245067
2612.056028014007,-23.82746792769305
2620.910455227614,-23.838545948485237
2629.764882441221,-23.84936122358789
2638.6193096548272,-23.859913240967263
2647.4737368684346,-23.87020148858963
2656.328164082041,-23.880225454421232
2665.1825912956483,-23.889984626428344
2674.0370185092547,-23.899478492577217
2682.8914457228616,-23.908706540834114
2691.7458729364685,-23.917668259165296
2700.6003001500753,-23.92636313553702
2709.454727363682,-23.93479065791555
2718.3091545772886,-23.94295031426714
2727.1635817908955,-23.950841592558056
2736.0180090045023,-23.958463980754555
2744.872436218109,-23.965816966822892
2753.7268634317156,-23.97290003872934
2762.581290645323,-23.979712684440145
2771.4357178589294,-23.986254391921573
2780.2901450725367,-23.99252464913988
2789.144572286143,-23.998522944061335
2797.99899949975,-24.00424876465219
2806.853426713357,-24.009701598878703
2815.7078539269637,-24.01488093470714
2824.5622811405706,-24.01978626010376
2833.4167083541774,-24.024417063034818
2842.271135567784,-24.028772831466576
2851.1255627813907,-24.0328530533653
2859.9799899949976,-24.036657216697243
2868.8344172086045,-24.040184809428666
2877.6888444222113,-24.04343531952583
2886.5432716358177,-24.046408234954995
2895.397698849425,-24.04910304368242
2904.2521260630315,-24.051519233674362
2913.106553276639,-24.053656292897088
2921.960980490245,-24.055513709316852
2930.815407703852,-24.057090970899914
2939.669834917459,-24.058387565612538
2948.524262131066,-24.05940298142098
2957.3786893446722,-24.0601367062915
2966.2331165582796,-24.060588228190362
2975.087543771886,-24.060757035083824
2983.9419709854933,-24.0602891095766
2992.7963981990997,-24.058680112530567
3001.650825412706,-24.055932763206993
3010.5052526263134,-24.052053806807514
3019.35967983992,-24.047049988533765
3028.214107053527,-24.040928053587397
3037.0685342671336,-24.033694747170035
3045.9229614807405,-24.025356814483324
3054.7773886943473,-24.0159210007289
3063.631815907954,-24.005394051108397
3072.486243121561,-23.993782710823456
3081.340670335168,-23.98109372507572
3090.1950975487744,-23.96733383906682
3099.0495247623817,-23.952509797998392
3107.903951975988,-23.936628347072087
3116.7583791895954,-23.919696231489528
3125.612806403202,-23.90172019645236
3134.4672336168082,-23.88270698716222
3143.3216608304156,-23.862663348820742
3152.176088044022,-23.841596026629578
3161.030515257629,-23.819511765790345
3169.8849424712357,-23.796417311504698
3178.7393696848426,-23.772319408974262
3187.5937968984495,-23.747224803400687
3196.4482241120563,-23.7211402399856
3205.3026513256627,-23.69407246393065
3214.15707853927,-23.66602822043746
3223.0115057528765,-23.637014254707687
3231.865932966484,-23.607037311942953
3240.72036018009,-23.576104137344906
3249.574787393697,-23.544221476115183
3258.429214607304,-23.511396073455412
3267.2836418209104,-23.47763467456724
3276.1380690345177,-23.4429440246523
3284.992496248124,-23.40733086891223
3293.846923461731,-23.370801952548675
3302.701350675338,-23.333364020763266
3311.5557778889447,-23.295023818757645
3320.410205102551,-23.25578809173345
3329.2646323161584,-23.215663584892308
3338.119059529765,-23.17465704343588
3346.973486743372,-23.13277521256578
3355.8279139569786,-23.090024837483657
3364.6823411705855,-23.04641266339115
3373.5367683841923,-23.001945435489894
3382.391195597799,-22.95662989898153
3391.245622811406,-22.91047279906768
3400.1000500250125,-22.86348088095001
3408.9544772386193,-22.81566088983014
3417.808904452226,-22.767019570909703
3426.663331665833,-22.717563669390355
3435.51775887944,-22.66729993047372
3444.372186093047,-22.616235099361443
3453.2266133066532,-22.564375921255156
3462.0810405202606,-22.511729141356497
3470.935467733867,-22.458301504867112
3479.7898949474743,-22.404099756988632
3488.6443221610807,-22.34913064292269
3497.4987493746876,-22.293400907870943
3506.3531765882944,-22.236917297035006
3515.2076038019013,-22.179686555616534
3524.0620310155077,-22.121715428817154
3532.9164582291146,-22.063010661838508
3541.7708854427215,-22.003578999882237
3550.6253126563283,-21.943427188149972
3559.479739869935,-21.88256197184336
3568.3341670835416,-21.820990096164035
3577.188594297149,-21.758718306313625
3586.0430215107554,-21.695753347493778
3594.8974487243627,-21.632101964906134
3603.751875937969,-21.567770903752326
3612.606303151576,-21.502766909234
3621.460730365183,-21.437096726552777
3630.3151575787897,-21.37076710091031
3639.1695847923966,-21.30378477750823
3648.0240120060034,-21.23615650154818
3656.87843921961,-21.167889018231794
3665.732866433217,-21.09898907276071
3674.5872936468236,-21.029463410336565
3683.44172086043,-20.959318776161002
3692.2961480740373,-20.888561915435655
3701.1505752876437,-20.81719957336216
3710.005002501251,-20.74523849514216
3718.8594297148575,-20.672685425977292
3727.7138569284643,-20.599547111069192
3736.568284142071,-20.525830295619492
3745.422711355678,-20.45154172482984
3754.277138569285,-20.37668814390187
3763.131565782892,-20.30127629803722
3771.985992996498,-20.22531293243753
3780.8404202101055,-20.148804792304432
3789.694847423712,-20.07175862283957
3798.5492746373193,-19.994181169244577
3807.4037018509257,-19.916079176721095
3816.258129064532,-19.837459390470762
3825.1125562781394,-19.758328555695215
3833.966983491746,-19.67869341759609
3842.821410705353,-19.59856072137502
3851.6758379189596,-19.517937212233658
3860.5302651325665,-19.436829635373634
3869.3846923461733,-19.35524473599658
3878.23911955978,-19.273189259304132
3887.0935467733866,-19.19066995049795
3895.947973986994,-19.10769355477964
3904.8024012006003,-19.024266817350874
3913.6568284142077,-18.94039648341326
3922.511255627814,-18.856089298168452
3931.365682841421,-18.771352006818088
3940.220110055028,-18.6861913545638
3949.0745372686342,-18.600614086607226
3957.9289644822416,-18.514626948150006
3966.783391695848,-18.428236684393777
3975.637818909455,-18.341450040540185
3984.4922461230617,-18.254273761790856
3993.3466733366686,-18.166714593347432
4002.201100550275,-18.07877928041156
4011.0555277638823,-17.990474568184855
4019.909954977489,-17.901807201868976
4028.7643821910956,-17.812783926665563
4037.6188094047025,-17.723411487776232
4046.47323661831,-17.633696630402635
4055.3276638319157,-17.543646099746425
4064.182091045523,-17.453266641009208
4073.03651825913,-17.36256499939264
4081.890945472737,-17.271547920098357
4090.745372686343,-17.180222148328003
4099.59979989995,-17.08859442928321
4108.454227113557,-16.99667150816561
4117.308654327164,-16.904460130176854
4126.163081540771,-16.811967040518564
4135.017508754378,-16.71919898439239
4143.8719359679835,-16.626162706999974
4152.726363181591,-16.532864953542934
4161.580790395198,-16.439312469222926
4170.435217608804,-16.345511999241584
4179.289644822411,-16.25147028880054
4188.144072036019,-16.15719408310143
4196.998499249626,-16.062690127345903
4205.852926463232,-15.9679651667356
4214.7073536768385,-15.873025946472143
4223.561780890445,-15.777879211757176
4232.416208104052,-15.682531707792348
4241.270635317659,-15.586990179779276
4250.125062531266,-15.491261372919618
4258.979489744872,-15.395352032415001
4267.83391695848,-15.299268903467059
4276.6883441720865,-15.203018731277442
4285.542771385693,-15.106608261047779
4294.397198599299,-15.010044237979722
4303.251625812907,-14.913333407274886
4312.106053026514,-14.816482514134922
4320.96048024012,-14.719498303761473
4329.814907453727,-14.62238752135616
4338.669334667335,-14.525156912120638
4347.523761880941,-14.427813221256544
4356.378189094547,-14.3303631939655
4365.232616308154,-14.232813575449155
4374.08704352176,-14.135171110909159
4382.941470735368,-14.037442545547126
4391.795897948975,-13.939634624564704
4400.650325162582,-13.841754093163532
4409.504752376188,-13.74380769654526
4418.3591795897955,-13.6458021799115
4427.213606803402,-13.547744288463907
4436.068034017008,-13.449640767404121
4444.922461230615,-13.351498361933771
4453.776888444223,-13.253323817254495
4462.631315657829,-13.155123878567943
4471.485742871436,-13.056905291075738
4480.340170085043,-12.958674799979523
4489.19459729865,-12.860439150480934
4498.049024512256,-12.762205087781624
4506.903451725863,-12.663979357083207
4515.75787893947,-12.565768703587343
4524.612306153076,-12.46757987249566
4533.466733366684,-12.369419609009787
4542.321160580291,-12.27129465833137
4551.175587793897,-12.17321176566206
4560.030015007504,-12.07517767620347
4568.884442221111,-11.977199135157255
4577.738869434717,-11.87928288772505
4586.593296648324,-11.78143567910849
4595.447723861931,-11.68366425450921
4604.302151075539,-11.585975359128856
4613.156578289145,-11.488375738169065
4622.011005502752,-11.390872136831469
4630.865432716359,-11.293471300317705
4639.7198599299645,-11.196179973829423
4648.574287143572,-11.099004902568248
4657.428714357179,-11.001952831735814
4666.283141570785,-10.905030506533787
4675.137568784392,-10.808244672163767
4683.991995998,-10.711602073827416
4692.846423211607,-10.615109456726362
4701.700850425213,-10.518773566062265
4710.5552776388195,-10.422601147036728
4719.409704852427,-10.326598944851408
4728.264132066033,-10.230773704707948
4737.11855927964,-10.135132171807978
4745.972986493247,-10.03968109135313
4754.827413706854,-9.944427208545056
4763.681840920461,-9.84937726858538
4772.5362681340675,-9.754538016675745
4781.3906953476735,-9.6599161980178
4790.24512256128,-9.565518557813173
4799.099549774888,-9.471351841263495
4807.953976988495,-9.377422793570405
4816.808404202101,-9.283738159935565
4825.662831415708,-9.19030468556058
4834.517258629316,-9.09712911564711
4843.371685842922,-9.004218195396788
4852.226113056528,-8.911578670011243
4861.080540270135,-8.81921728469212
4869.934967483742,-8.727140784641067
4878.789394697349,-8.635355915059701
4887.643821910956,-8.54386942114967
4896.498249124563,-8.452688048112613
4905.352676338169,-8.361818541150175
4914.2071035517765,-8.271267645463979
4923.061530765383,-8.181042106255665
4931.915957978989,-8.091148668726895
4940.770385192596,-8.001594078079272
4949.624812406204,-7.9123850795144515
4958.47923961981,-7.823528418234075
4967.333666833417,-7.735030839439771
4976.188094047024,-7.64689908833318
4985.042521260631,-7.559139910115957
4993.896948474237,-7.471760049989703
5002.751375687844,-7.384766253156089
5011.605802901451,-7.298165264816733
5020.460230115058,-7.2119638301732945
5029.314657328665,-7.126168694427385
5038.169084542272,-7.040786602780657
5047.023511755878,-6.955824300434757
5055.877938969485,-6.871288532591306
5064.732366183092,-6.787186044451946
5073.586793396698,-6.703523581218327
5082.441220610305,-6.620307888092069
5091.295647823912,-6.5375457102748165
5100.150075037519,-6.455243792968219
5109.004502251126,-6.373408881373901
5117.858929464733,-6.2920477206935015
5126.71335667834,-6.2111670561286525
5135.567783891946,-6.130773632881024
5144.422211105553,-6.050874196152214
5153.27663831916,-5.971475491143879
5162.131065532766,-5.892584263057657
5170.985492746373,-5.814207257095181
5179.839919959981,-5.736351218458094
5188.694347173587,-5.659022892348037
5197.548774387194,-5.582229023966634
5206.4032016008005,-5.505976358515528
5215.257628814408,-5.430271641196372
5224.112056028014,-5.355121617210789
5232.966483241621,-5.280533031760418
5241.820910455228,-5.206512630046892
5250.675337668835,-5.133067157271873
5259.529764882442,-5.060203358636969
5268.3841920960485,-4.98792797934383
5277.2386193096545,-4.916247764594102
5286.093046523262,-4.845169459589412
5294.947473736869,-4.774699809531401
5303.801900950475,-4.704845559621714
5312.656328164082,-4.635613455061976
5321.510755377689,-4.5670102410538265
5330.365182591297,-4.499042662798915
5339.219609804903,-4.431717465498876
5348.074037018509,-4.365041394355338
5356.928464232116,-4.299021194569948
5365.782891445723,-4.233663611344341
5374.63731865933,-4.168975389880152
5383.491745872937,-4.104963275379024
5392.346173086543,-4.0416340130425965
5401.200600300151,-3.9789943480725025
5410.0550275137575,-3.9170510256703714
5418.909454727364,-3.855810791037856
5427.76388194097,-3.795280389376595
5436.618309154577,-3.7354665658882094
5445.472736368185,-3.676376065774356
5454.327163581791,-3.618015634236674
5463.181590795398,-3.5603920164767735
5472.036018009005,-3.5035119576963187
5480.890445222612,-3.4473822030969465
5489.744872436218,-3.3920094978802737
5498.599299649825,-3.337400587247961
5507.453726863431,-3.283562216401646
5516.308154077039,-3.2305011305429394
5525.162581290646,-3.178224074873508
5534.017008504253,-3.1267377945949777
5542.871435717859,-3.076049034908996
5551.7258629314665,-3.026164541017188
5560.580290145073,-2.9770910581211965
5569.434717358679,-2.9288353314226625
5578.289144572286,-2.8814041061232225
5587.143571785893,-2.8348041274245075
5595.9979989995,-2.7890421405281747
5604.852426213107,-2.7441248906358355
5613.706853426714,-2.7000591229491406
5622.561280640321,-2.6568515826697277
5631.415707853927,-2.614509014999252
5640.270135067534,-2.5730381651393213
5649.124562281141,-2.532445778291586
5657.978989494747,-2.4927385996576876
5666.833416708355,-2.4539233744392583
5675.687843921962,-2.416006847837944
5684.542271135568,-2.3789957650553815
5693.396698349175,-2.342896871293197
5702.251125562781,-2.307716911753037
5711.105552776388,-2.273462631636544
5719.959979989995,-2.240140776145338
5728.814407203602,-2.2077580904810805
5737.668834417209,-2.1763213198453943
5746.523261630816,-2.1458372094399203
5755.377688844423,-2.116312504466299
5764.2321160580295,-2.087753950126168
5773.0865432716355,-2.060168291621169
5781.940970485243,-2.0335622741529322
5790.79539769885,-2.0079426429230995
5799.649824912456,-1.983316143133304
5808.504252126063,-1.95968951998519
5817.358679339671,-1.9370695186803901
5826.213106553278,-1.9154628844205357
5835.067533766884,-1.8948763624072975
5843.92196098049,-1.875316697842268
5852.776388194097,-1.8567906359271131
5861.630815407704,-1.8393049218634696
5870.485242621311,-1.8228663008529689
5879.339669834918,-1.8074815180972472
5888.194097048524,-1.7931573187979462
5897.048524262132,-1.7799004481567076
5905.9029514757385,-1.7677176513751625
5914.7573786893445,-1.756615673654952
5923.611805902951,-1.7466012601977086
5932.466233116559,-1.7376811562050785
5941.320660330166,-1.7298621068786926
5950.175087543772,-1.7231508574201977
5959.029514757379,-1.7175541530312253
5967.883941970987,-1.713078738913407
5976.738369184593,-1.7097313602683943
5985.592796398199,-1.7075187622978183
5994.447223611806,-1.7064476902033205
6003.301650825412,-1.7064093471577553
6012.15607803902,-1.706870855984353
6021.010505252627,-1.7077635098744088
6029.864932466234,-1.709085836235443
6038.71935967984,-1.7108363624749758
6047.5737868934475,-1.7130136160005276
6056.428214107054,-1.715616124219619
6065.28264132066,-1.71864241453977
6074.137068534267,-1.7220910143685013
6082.991495747875,-1.7259604511133333
6091.845922961481,-1.7302492521817856
6100.700350175088,-1.7349559449813798
6109.554777388695,-1.7400790569196354
6118.4092046023015,-1.7456171154040727
6127.263631815908,-1.7515686478422132
6136.118059029515,-1.7579321816415758
6144.972486243122,-1.7647062442096824
6153.826913456728,-1.7718893629540515
6162.681340670336,-1.7794800652822051
6171.535767883943,-1.7874768786016628
6180.390195097549,-1.7958783303199448
6189.244622311156,-1.8046829478445723
6198.099049524763,-1.8138892585830655
6206.953476738369,-1.8234957899429431
6215.807903951976,-1.833501069331728
6224.662331165583,-1.8439036241569395
6233.516758379191,-1.8547019818260977
6242.371185592797,-1.8658946697467222
6251.225612806404,-1.8774802153263355
6260.0800400200105,-1.889457145972457
6268.9344672336165,-1.9018239890926052
6277.788894447224,-1.9145792720943036
6286.643321660831,-1.9277215223850706
6295.497748874437,-1.9412492673724262
6304.352176088044,-1.955161034463893
6313.206603301652,-1.9694553510669899
6322.061030515258,-1.984130744589236
6330.915457728865,-1.9991857424381545
6339.769884942471,-2.014618872021265
6348.624312156079,-2.0304286607460864
6357.478739369685,-2.0466136360201386
6366.333166583292,-2.0631723252509446
6375.187593796899,-2.0801032558460233
6384.042021010506,-2.0974049552128937
6392.896448224113,-2.1150759507590795
6401.7508754377195,-2.1331147698920994
6410.6053026513255,-2.1515199400194716
6419.459729864932,-2.1702899885487206
6428.31415707854,-2.1894234428873642
6437.168584292146,-2.2089188304429217
6446.023011505753,-2.2287746786229166
6454.87743871936,-2.248989514834868
6463.731865932968,-2.269561866486296
6472.586293146574,-2.290490260984719
6481.44072036018,-2.31177322573766
6490.295147573787,-2.33340928815264
6499.149574787394,-2.355396975637176
6508.004002001001,-2.377734815598792
6516.858429214608,-2.400421335445007
6525.712856428214,-2.423455062583339
6534.567283641821,-2.4468345244213134
6543.4217108554285,-2.470558248366446
6552.276138069035,-2.4946247618262603
6561.130565282641,-2.5190325922082724
6569.984992496248,-2.543780266920008
6578.839419709856,-2.568866313368984
6587.693846923462,-2.594289258962721
6596.548274137069,-2.6200476311087413
6605.402701350676,-2.6461399572145656
6614.2571285642825,-2.6725647646877086
6623.111555777889,-2.6993205809356984
6631.965982991496,-2.726405933366051
6640.820410205102,-2.7538193493862857
6649.67483741871,-2.781559356403927
6658.529264632317,-2.809624481826493
6667.383691845924,-2.8380132530615043
6676.23811905953,-2.8667241975164792
6685.092546273137,-2.8957558425989416
6693.946973486744,-2.92510671571641
6702.80140070035,-2.9547753442764026
6711.655827913957,-2.9847602556864454
6720.510255127564,-3.0150599773540545
6729.364682341171,-3.0456730366867486
6738.219109554778,-3.0765979610920553
6747.073536768385,-3.1078332779774884
6755.9279639819915,-3.139377514750572
6764.782391195598,-3.171229198818821
6773.636818409205,-3.203386857589763
6782.491245622812,-3.2358490184709137
6791.345672836418,-3.268614208869793
6800.200100050025,-3.3016809561939264
6809.054527263633,-3.33504778785083
6817.908954477239,-3.3687132312480217
6826.763381690846,-3.4026758137930275
6835.617808904452,-3.4369340628933682
6844.472236118059,-3.4714865059565563
6853.326663331666,-3.5063316703901206
6862.181090545273,-3.5414680836015777
6871.03551775888,-3.5768942729984503
6879.889944972487,-3.6126087659882526
6888.744372186094,-3.6486100899785123
6897.5987993997005,-3.6848967723767476
6906.4532266133065,-3.721467340590475
6915.307653826914,-3.75832032202722
6924.162081040521,-3.795454244094501
6933.016508254127,-3.832867634199835
6941.870935467734,-3.8705590197507496
6950.725362681341,-3.9085269281547603
6959.579789894949,-3.9467698868193914
6968.434217108555,-3.9852864231521514
6977.288644322161,-4.024075064560577
6986.143071535768,-4.063134338452182
6994.997498749375,-4.102462772234479
7003.851925962982,-4.142058893315
7012.706353176589,-4.181921229101262
7021.560780390195,-4.2220483070007795
7030.415207603803,-4.26243865442108
7039.2696348174095,-4.303090798769683
7048.1240620310155,-4.344003267454102
7056.978489244622,-4.385174587881865
7065.832916458229,-4.426603287460493
7074.687343671837,-4.468287893597501
7083.541770885443,-4.51022693370041
7092.39619809905,-4.552418935176744
7101.250625312657,-4.594862425434021
7110.1050525262635,-4.637555931879758
7118.95947973987,-4.680497981921482
7127.813906953477,-4.723687102966714
7136.668334167083,-4.767121822422965
7145.522761380691,-4.810800667697765
7154.377188594298,-4.85472216619863
7163.231615807905,-4.898884845333082
7172.086043021511,-4.943287232508635
7180.9404702351185,-4.98792785513282
7189.794897448725,-5.032805240613152
7198.649324662331,-5.077917916357147
7207.503751875938,-5.123264409772333
7216.358179089545,-5.168843248266228
7225.212606303152,-5.214652959246347
7234.067033516759,-5.2606920701202196
7242.921460730366,-5.306959108295363
7251.775887943972,-5.353452601179289
7260.630315157579,-5.40017107617953
7269.484742371186,-5.447113060703602
7278.339169584793,-5.4942770821590265
7287.193596798399,-5.541661667953316
7296.048024012007,-5.589265345494001
7304.902451225614,-5.637086642188598
7313.75687843922,-5.685124085444621
7322.611305652827,-5.733376202669605
7331.465732866434,-5.781841521271062
7340.32016008004,-5.8305185686565055
7349.174587293647,-5.879405872233467
7358.029014507254,-5.928501959409463
7366.88344172086,-5.977805357592011
7375.737868934468,-6.027314594188638
7384.592296148075,-6.077028196606859
7393.4467233616815,-6.1269446922541935
7402.3011505752875,-6.177062608538163
7411.155577788895,-6.227380472866291
7420.010005002502,-6.277896812646098
7428.864432216108,-6.328610155285095
7437.718859429715,-6.379519028190817
7446.573286643323,-6.430621958770777
7455.427713856929,-6.481917474432487
7464.2821410705355,-6.533404102583483
7473.136568284142,-6.585080370631277
7481.990995497749,-6.636944805983392
7490.845422711356,-6.6889959360473386
7499.699849924963,-6.741232288230651
7508.55427713857,-6.793652389940846
7517.408704352176,-6.846254768585433
7526.263131565784,-6.899037951571951
7535.1175587793905,-6.9520004663079105
7543.971985992996,-7.005140840200824
7552.826413206603,-7.058457600658226
7561.680840420211,-7.11194927508763
7570.535267633817,-7.165614390896552
7579.389694847424,-7.219451475492524
7588.244122061031,-7.273459056283057
7597.098549274639,-7.327635660675676
7605.9529764882445,-7.3819798160779
7614.807403701851,-7.436490049897245
7623.661830915458,-7.4911648895412375
7632.516258129064,-7.546002862417394
7641.370685342672,-7.601002495933239
7650.225112556279,-7.656162317496289
7659.079539769885,-7.711480854514063
7667.933966983492,-7.76695663439409
7676.7883941970995,-7.822588184543884
7685.642821410706,-7.878374032370964
7694.497248624312,-7.934312705282848
7703.351675837919,-7.990402730687067
7712.206103051527,-8.046642635991134
7721.060530265133,-8.103030948602568
7729.91495747874,-8.15956619592889
7738.769384692347,-8.216246905377625
7747.623811905953,-8.273071604356291
7756.47823911956,-8.33003882027241
7765.332666333167,-8.387147080533497
7774.187093546773,-8.444394912547073
7783.04152076038,-8.501780843720663
7791.895947973988,-8.559303401461788
7800.750375187595,-8.61696111317797
7809.604802401201,-8.674752506276715
7818.459229614808,-8.73267610816556
7827.313656828415,-8.790730446252017
7836.168084042021,-8.848914047943603
7845.022511255628,-8.90722544064785
7853.876938469235,-8.965663151772276
7862.731365682842,-9.024225708724387
7871.585792896449,-9.082911638911721
7880.440220110056,-9.14171946974179
7889.2946473236625,-9.200647728622114
7898.1490745372685,-9.25969494296021
7907.003501750876,-9.318859640163613
7915.857928964483,-9.37814034763983
7924.712356178089,-9.43753559279638
7933.566783391696,-9.497043903040792
7942.421210605304,-9.556663805780584
7951.27563781891,-9.616393828423272
7960.1300650325165,-9.676232498376384
7968.984492246123,-9.736178343047433
7977.83891945973,-9.796229889843936
7986.693346673337,-9.856385666173427
7995.547773886944,-9.916644199443422
8004.40220110055,-9.97700401706143
8013.256628314158,-10.037463646434988
8022.111055527765,-10.0980216149716
8030.965482741371,-10.158676450078795
8039.819909954978,-10.219426679164103
8048.674337168584,-10.280270829635025
8057.528764382191,-10.341207428899088
8066.383191595799,-10.402235004363824
8075.237618809405,-10.463352083436742
8084.092046023011,-10.524557193525357
8092.94647323662,-10.58584886203721
8101.8009004502255,-10.647225616379798
8110.6553276638315,-10.70868598396065
8119.509754877439,-10.7702284921873
8128.364182091046,-10.831851668467245
8137.218609304652,-10.893554040208013
8146.07303651826,-10.955334134817145
8154.927463731866,-11.017190479702137
8163.781890945474,-11.07912160227052
8172.6363181590805,-11.1411260299298
8181.490745372686,-11.203202290087516
8190.345172586294,-11.265348910151188
8199.1995997999,-11.32756441752832
8208.054027013506,-11.389847339626442
8216.908454227114,-11.452196203853086
8225.762881440722,-11.514609537615744
8234.617308654328,-11.577085868321957
8243.471735867935,-11.639623723379252
8252.326163081541,-11.70222163019513
8261.180590295147,-11.764878116177112
8270.035017508755,-11.827591708732747
8278.889444722361,-11.890360935269522
8287.743871935967,-11.953184323194963
8296.598299149575,-12.016060399916615
8305.452726363183,-12.078987692841968
8314.307153576789,-12.141964729378559
8323.161580790396,-12.20499003693391
8332.016008004002,-12.26806214291553
8340.870435217608,-12.33117957473094
8349.724862431216,-12.394340859787684
8358.579289644822,-12.45754452549325
8367.43371685843,-12.520789099255177
8376.288144072038,-12.584073108480979
8385.142571285643,-12.647395080578173
8393.996998499251,-12.710753542954304
8402.851425712857,-12.774147023016852
8411.705852926463,-12.837574048173359
8420.560280140071,-12.901033145831361
8429.414707353677,-12.964522843398349
8438.269134567283,-13.028041668281858
8447.12356178089,-13.091588147889418
8455.977988994498,-13.155160809628523
8464.832416208104,-13.218758180906713
8473.686843421712,-13.282378789131513
8482.541270635318,-13.346021161710425
8491.395697848924,-13.409683826050976
8500.250125062532,-13.473365309560704
8509.104552276138,-13.5370641396471
8517.958979489744,-13.600778843717698
8526.813406703353,-13.664507949180033
8535.66783391696,-13.728249983441607
8544.522261130565,-13.792003473909933
8553.376688344173,-13.855766947992558
8562.231115557779,-13.91953893309698
8571.085542771387,-13.983317956630739
8579.939969984993,-14.047102546001327
8588.794397198599,-14.11089122861628
8597.648824412207,-14.174682531883139
8606.503251625814,-14.238474983209384
8615.35767883942,-14.302267110002559
8624.212106053028,-14.3660574396702
8633.066533266634,-14.429844499619788
8641.92096048024,-14.493626817258868
8650.775387693848,-14.557402919994967
8659.629814907454,-14.621171335235585
8668.48424212106,-14.684930590388252
8677.33866933467,-14.748679212860498
8686.193096548275,-14.812415730059818
8695.047523761881,-14.876138669393763
8703.901950975489,-14.939846558269835
8712.756378189095,-15.003537924095559
8721.6108054027,-15.067211294278442
8730.465232616309,-15.13086519622604
8739.319659829915,-15.194498157345825
8748.17408704352,-15.258108705045355
8757.02851425713,-15.321695366732149
8765.882941470736,-15.385256669813693
8774.737368684344,-15.448791141697557
8783.59179589795,-15.512297309791215
8792.446223111556,-15.575773701502207
8801.300650325164,-15.639218844238068
8810.15507753877,-15.702631265406296
8819.009504752376,-15.766009492414412
8827.863931965983,-15.829352052669961
8836.718359179591,-15.89265747358043
8845.572786393197,-15.955924282553353
8854.427213606805,-16.019151006996285
8863.28164082041,-16.082336174316683
8872.136068034017,-16.145478311922098
8880.990495247624,-16.20857594722007
8889.84492246123,-16.27162760761809
8898.699349674836,-16.33463182052368
8907.553776888446,-16.39758711334439
8916.408204102052,-16.46049201348771
8925.262631315658,-16.523345048361158
8934.117058529266,-16.586144745372287
8942.971485742872,-16.648889631928583
8951.825912956478,-16.71157823543758
8960.680340170085,-16.77420908330681
8969.534767383691,-16.836780702943773
8978.3891945973,-16.899291621756
8987.243621810907,-16.961884565458355
8996.098049024513,-17.02552913610153
9004.95247623812,-17.090395335174268
9013.806903451727,-17.15647027484011
9022.661330665333,-17.22374106726264
9031.51575787894,-17.29219482460543
9040.370185092546,-17.361818659032032
9049.224612306152,-17.43259968270603
9058.079039519762,-17.504525007791
9066.933466733368,-17.577581746450484
9075.787893946974,-17.65175701084807
9084.642321160582,-17.727037913147335
9093.496748374188,-17.803411565511823
9102.351175587793,-17.880865080105114
9111.205602801401,-17.959385569090795
9120.060030015007,-18.038960144632398
9128.914457228613,-18.119575918893524
9137.768884442223,-18.201220004037737
9146.623311655829,-18.28387951222858
9155.477738869435,-18.367541555629646
9164.332166083042,-18.452193246404512
9173.186593296648,-18.537821696716723
9182.041020510256,-18.624414018729865
9190.895447723862,-18.71195732460749
9199.749874937468,-18.800438726513175
9208.604302151078,-18.889845336610506
9217.458729364684,-18.980164267063014
9226.31315657829,-19.071382630034297
9235.167583791897,-19.16348753768793
9244.022011005503,-19.25646610218746
9252.87643821911,-19.350305435696455
9261.730865432717,-19.444992650378516
9270.585292646323,-19.540514858397163
9279.439719859929,-19.636859171916004
9288.294147073539,-19.7340127030986
9297.148574287145,-19.8319625641085
9306.00300150075,-19.93069586710929
9314.857428714358,-20.030199724264556
9323.711855927964,-20.130461247737824
9332.56628314157,-20.231467549692688
9341.420710355178,-20.33320574229273
9350.275137568784,-20.435662937701487
9359.129564782392,-20.538826248082536
9367.983991996,-20.642682785599483
9376.838419209605,-20.747219662415844
9385.692846423213,-20.852423990695232
9394.54727363682,-20.95828288260118
9403.401700850425,-21.064783450297266
9412.256128064033,-21.17191280594708
9421.110555277639,-21.279658061714166
9429.964982491245,-21.388006329762092
9438.819409704854,-21.49694472225447
9447.67383691846,-21.606460351354805
9456.528264132066,-21.716540329226696
9465.382691345674,-21.82717176803374
9474.23711855928,-21.93834177993945
9483.091545772886,-22.050037477107434
9491.945972986494,-22.162245971701264
9500.8004002001,-22.274954375884473
9509.654827413708,-22.388149801820653
9518.509254627315,-22.50181936167339
9527.363681840921,-22.615950167606215
9536.218109054527,-22.730529331782716
9545.072536268135,-22.845543966366485
9553.926963481741,-22.960981183521042
9562.781390695347,-23.076828095409986
9571.635817908955,-23.1930718141969
9580.49024512256,-23.309699452045315
9589.34467233617,-23.426698121118836
9598.199099549776,-23.544054933580995
9607.053526763382,-23.661757001595376
9615.90795397699,-23.779791437325585
9624.762381190596,-23.89814535293512
9633.616808404202,-24.0168058605876
9642.47123561781,-24.135760072446608
9651.325662831416,-24.254995100675654
9660.180090045022,-24.37449805743834
9669.034517258631,-24.494256054898255
9677.888944472237,-24.614256205218926
9686.743371685843,-24.73448562056394
9695.597798899451,-24.8549314130969
9704.452226113057,-24.975580694981314
9713.306653326663,-25.096420578380783
9722.16108054027,-25.217438175458888
9731.015507753877,-25.338620598379165
9739.869934967484,-25.4599549593052
9748.724362181092,-25.581428370400587
9757.578789394698,-25.703027943828843
9766.433216608304,-25.824740791753563
9775.287643821912,-25.946554026338344
9784.142071035518,-26.068454759746704
9792.996498249126,-26.190430104142255
9801.850925462732,-26.312467171688528
9810.705352676337,-26.434553074549104
9819.559779889947,-26.55667492488758
9828.414207103553,-26.678819834867483
9837.268634317159,-26.8009749166524
9846.123061530767,-26.92312728240593
9854.977488744373,-27.045264044291574
9863.831915957979,-27.16737231447295
9872.686343171586,-27.289439205113638
9881.540770385192,-27.411451828377164
9890.3951975988,-27.53339729642712
9899.249624812408,-27.65526272142709
9908.104052026014,-27.777035215540597
9916.95847923962,-27.898701890931246
9925.812906453228,-28.02024985976262
9934.667333666834,-28.141666234198244
9943.52176088044,-28.26293812640171
9952.376188094047,-28.384052648536606
9961.230615307653,-28.50499691276646
9970.085042521261,-28.62575803125486
9978.939469734869,-28.746323116165392
9987.793896948475,-28.8666792796616
9996.648324162083,-28.986813633907072
10005.502751375689,-29.106713291065347
10014.357178589295,-29.226365363300012
10023.211605802902,-29.34575696277466
10032.066033016508,-29.46487520165282
10040.920460230116,-29.583707192098068
10049.774887443724,-29.70224004627401
10058.62931465733,-29.820460876344168
10067.483741870936,-29.938356794472124
10076.338169084544,-30.05591491282147
10085.19259629815,-30.173122343555747
10094.047023511755,-30.289966198838528
10102.901450725363,-30.406433590833412
10111.75587793897,-30.52251163170392
10120.610305152577,-30.638187433613645
10129.464732366185,-30.75344810872618
10138.31915957979,-30.868280769205047
10147.173586793397,-30.982672527213836
10156.028014007004,-31.096610494916135
10164.88244122061,-31.210081784475467
10173.736868434216,-31.323073508055444
10182.591295647824,-31.435572777819644
10191.44572286143,-31.547566705931576
10200.300150075038,-31.659042404554846
10209.154577288646,-31.769986985853038
10218.009004502252,-31.880387561989686
10226.86343171586,-31.990231245128413
10235.717858929465,-32.09950514743271
10244.572286143071,-32.20819638106619
10253.42671335668,-32.31629205819244
10262.281140570285,-32.423779290974984
10271.135567783893,-32.53064519157743
10279.9899949975,-32.63687687216334
10288.844422211107,-32.74246144489625
10297.698849424713,-32.847386021939755
10306.55327663832,-32.95163771545745
10315.407703851926,-33.05520363761284
10324.262131065532,-33.158070900569555
10333.11655827914,-33.26022661649113
10341.970985492746,-33.361657897541136
10350.825412706354,-33.462351855883135
10359.679839919962,-33.562295603680745
10368.534267133567,-33.66147625309747
10377.388694347173,-33.75988091629691
10386.243121560781,-33.85749670544264
10395.097548774387,-33.95431073269821
10403.951975987993,-34.05031011022719
10412.806403201601,-34.14548195019318
10421.660830415209,-34.23981336475972
10430.515257628816,-34.33329146609039
10439.369684842422,-34.42590336634873
10448.224112056028,-34.51763617769835
10457.078539269636,-34.60847701230281
10465.932966483242,-34.69841298232564
10474.787393696848,-34.787431199930445
10483.641820910456,-34.8755187772808
10492.496248124062,-34.96266282654027
10501.35067533767,-35.04885045987239
10510.205102551277,-35.134068789440775
10519.059529764883,-35.21830492740896
10527.91395697849,-35.30154598594053
10536.768384192097,-35.383779077199065
10545.622811405703,-35.4649913133481
10554.477238619309,-35.545169806551215
10563.331665832917,-35.62430166897201
10572.186093046525,-35.70237401277402
10581.04052026013,-35.779373950120814
10589.894947473738,-35.85528859317599
10598.749374687344,-35.930105054103095
10607.60380190095,-36.00381044506568
10616.458229114558,-36.07639187822736
10625.312656328164,-36.14783646575166
10634.167083541772,-36.21813131980219
10643.021510755378,-36.28726355254247
10651.875937968985,-36.35522027613611
10660.730365182593,-36.42198860274665
10669.5847923962,-36.48755564453769
10678.439219609805,-36.551908513672764
10687.293646823413,-36.615034322315466
10696.148074037019,-36.67692018262936
10705.002501250625,-36.737553206777996
10713.856928464233,-36.796920506924984
10722.71135567784,-36.85500919523384
10731.565782891446,-36.91180638386818
10740.420210105054,-36.967299184991546
10749.27463731866,-37.02147471076751
10758.129064532266,-37.07432007335963
10766.983491745874,-37.125822384931524
10775.83791895948,-37.17596875764671
10784.692346173086,-37.22474630366876
10793.546773386694,-37.27214213516127
10802.401200600301,-37.31814336428778
10811.255627813907,-37.36273710321189
10820.110055027515,-37.40591046409714
10828.964482241121,-37.44765055910711
10837.818909454729,-37.48794450040538
10846.673336668335,-37.52677940015551
10855.52776388194,-37.564142370521054
10864.382191095548,-37.6000205236656
10873.236618309154,-37.634400971752704
10882.091045522762,-37.66727082694595
10890.94547273637,-37.6986172014089
10899.799899949976,-37.7284272073051
10908.654327163582,-37.75668795679817
10917.50875437719,-37.78338656205164
10926.363181590796,-37.808510135229085
10935.217608804402,-37.832045788494064
10944.07203601801,-37.85398063401017
10952.926463231617,-37.87430178394095
10961.780890445223,-37.892996350449984
10970.63531765883,-37.9107338298042
10979.489744872437,-37.92829542858889
10988.344172086043,-37.945683491119745
10997.19859929965,-37.96289941975192
11006.053026513257,-37.979944616840655
11014.907453726863,-37.996820484741065
11023.76188094047,-38.01352842580839
11032.616308154078,-38.03006984239777
11041.470735367686,-38.046446136864404
11050.325162581292,-38.06265871156347
11059.179589794898,-38.07870896885016
11068.034017008506,-38.09459831107966
11076.888444222112,-38.11032814060713
11085.742871435717,-38.12589985978778
11094.597298649325,-38.141314870976764
11103.451725862933,-38.15657457652929
11112.306153076539,-38.17168037880053
11121.160580290147,-38.18663368014567
11130.015007503753,-38.20143588291989
11138.869434717359,-38.216088389478365
11147.723861930966,-38.230592602176294
11156.578289144572,-38.24494992336885
11165.432716358178,-38.25916175541121
11174.287143571786,-38.273229500658566
11183.141570785394,-38.287154561466096
11191.995997999,-38.300938340188985
11200.850425212608,-38.31458223918242
11209.704852426214,-38.328087660801586
11218.55927963982,-38.34145600740164
11227.413706853427,-38.3546886813378
11236.268134067033,-38.367787084965215
11245.122561280641,-38.38075262063909
11253.976988494249,-38.3935866907146
11262.831415707855,-38.406290697546936
11271.685842921463,-38.418866043491285
11280.540270135069,-38.43131413090279
11289.394697348675,-38.44363636213669
11298.249124562282,-38.45583413954812
11307.103551775888,-38.46790886549229
11315.957978989494,-38.47986194232437
11324.812406203102,-38.491694772399555
11333.66683341671,-38.50340875807302
11342.521260630316,-38.51500530169995
11351.375687843924,-38.526485805635524
11360.23011505753,-38.53785167223493
11369.084542271135,-38.54910430385334
11377.938969484743,-38.56024510284595
11386.79339669835,-38.57127547156792
11395.647823911955,-38.58219681237447
11404.502251125563,-38.593010527620756
11413.35667833917,-38.60371801966196
11422.211105552777,-38.61432069085326
11431.065532766384,-38.62481994354987
11439.91995997999,-38.635217180106956
11448.774387193598,-38.64551380287969
11457.628814407204,-38.65571121422326
11466.48324162081,-38.665810816492844
11475.337668834418,-38.675814012043624
11484.192096048026,-38.68572220323081
11493.046523261632,-38.69553679240955
11501.90095047524,-38.70525918193504
11510.755377688845,-38.71489077416248
11519.609804902451,-38.724432971447015
11528.464232116059,-38.73388717614386
11537.318659329665,-38.743254790608184
11546.173086543271,-38.75253721719517
11555.027513756879,-38.76173585826
11563.881940970487,-38.77085211615786
11572.736368184092,-38.77988739324394
11581.5907953977,-38.78884309187341
11590.445222611306,-38.797720614401456
11599.299649824912,-38.80652136318326
11608.15407703852,-38.815246740574004
11617.008504252126,-38.82389814892887
11625.862931465732,-38.83247699060305
11634.717358679341,-38.84098466795172
11643.571785892947,-38.84942258333006
11652.426213106555,-38.85779213909326
11661.280640320161,-38.8660947375965
11670.135067533767,-38.874331781194954
11678.989494747375,-38.882504672243805
11687.84392196098,-38.89061481309825
11696.698349174587,-38.898663606113466
11705.552776388195,-38.90665245364463
11714.407203601802,-38.914582758046926
11723.261630815408,-38.922455921675535
11732.116058029016,-38.93027334688565
11740.970485242622,-38.93803643603245
11749.824912456228,-38.945746591471114
11758.679339669836,-38.953405215556806
11767.533766883442,-38.96101371064475
11776.388194097048,-38.96857347909009
11785.242621310657,-38.976085923248036
11794.097048524263,-38.983552445473755
11802.95147573787,-38.99097444812242
11811.805902951477,-38.99835333354925
11820.660330165083,-39.0056905041094
11829.514757378689,-39.01298736215805
11838.369184592297,-39.020245310050406
11847.223611805903,-39.02746575014162
11856.07803901951,-39.03465008478689
11864.932466233118,-39.04179971634141
11873.786893446724,-39.04891604716035
11882.641320660332,-39.05600047959888
11891.495747873938,-39.06305441601221
11900.350175087544,-39.07007925875549
11909.204602301152,-39.077076410183935
11918.059029514758,-39.08404727265272
11926.913456728364,-39.090993248517016
11935.767883941973,-39.09791574013202
11944.62231115558,-39.10481614985289
11953.476738369185,-39.11169588003483
11962.331165582793,-39.118556333033034
11971.185592796399,-39.12539891120264
11980.040020010005,-39.13222501689887
11988.894447223613,-39.1390360524769
11997.748874437219,-39.1458334202919
12006.603301650825,-39.15261852269908
12015.457728864434,-39.15939276205358
12024.31215607804,-39.166157540710614
12033.166583291646,-39.17291426102536
12042.021010505254,-39.17966432535299
12050.87543771886,-39.186409136048695
12059.729864932468,-39.19315009546767
12068.584292146073,-39.19988860596507
12077.43871935968,-39.206626069896096
12086.293146573287,-39.21336388961593
12095.147573786895,-39.22010346747974
12104.002001000501,-39.226846205842726
12112.856428214109,-39.233593507060064
12121.710855427715,-39.240346773486934
12130.56528264132,-39.24710740747853
12139.419709854928,-39.253876811390015
12148.274137068534,-39.260656387576596
12157.12856428214,-39.267447538393434
12165.98299149575,-39.27425166619571
12174.837418709356,-39.28107017333863
12183.691845922962,-39.28790446217736
12192.54627313657,-39.29475593506709
12201.400700350176,-39.301625994362986
12210.255127563782,-39.30851604242025
12219.10955477739,-39.315427481594064
12227.963981990995,-39.3223617142396
12236.818409204603,-39.32932014271204
12245.67283641821,-39.33630416936658
12254.527263631817,-39.343315196558386
12263.381690845425,-39.350354626642655
12272.23611805903,-39.35742386197457
12281.090545272637,-39.36452430490929
12289.944972486244,-39.37165735780203
12298.79939969985,-39.37882442300795
12307.653826913456,-39.386026902882236
12316.508254127066,-39.39326619978008
12325.362681340672,-39.40054371605665
12334.217108554278,-39.40786085406715
12343.071535767886,-39.415219016166745
12351.925962981491,-39.42261960471063
12360.780390195097,-39.430064022053976
12369.634817408705,-39.43755367055197
12378.489244622311,-39.4450899525598
12387.343671835917,-39.45267427043264
12396.198099049527,-39.46030802652567
12405.052526263133,-39.467992623194085
12413.906953476739,-39.47572946279306
12422.761380690346,-39.48351994767778
12431.615807903952,-39.491365480203434
12440.470235117558,-39.49926746272518
12449.324662331166,-39.507227297598234
12458.179089544772,-39.515246387177754
12467.033516758382,-39.52332613381894
12475.887943971988,-39.53146793987696
12484.742371185594,-39.539673207707004
12493.596798399201,-39.54794333966425
12502.451225612807,-39.55627973810388
12511.305652826413,-39.5646838053811
12520.160080040021,-39.57315694385106
12529.014507253627,-39.581700555868956
12537.868934467233,-39.59031604378997
12546.723361680843,-39.59900480996928
12555.577788894449,-39.607768256762085
12564.432216108054,-39.61660778652355
12573.286643321662,-39.62552480160886
12582.141070535268,-39.6345207043732
12590.995497748874,-39.64359689717177
12599.849924962482,-39.65275478235973
12608.704352176088,-39.66199576229227
12617.558779389696,-39.67132123932457
12626.413206603303,-39.68073261581181
12635.26763381691,-39.69023129410919
12644.122061030515,-39.699818676571866
12652.976488244123,-39.70949616555503
12661.83091545773,-39.71926516341388
12670.685342671335,-39.729127072503594
12679.539769884943,-39.73908329517934
12688.394197098549,-39.749135233796316
12697.248624312158,-39.759284290709694
12706.103051525764,-39.769531868274655
12714.95747873937,-39.77987936884639
12723.811905952978,-39.79032819478009
12732.666333166584,-39.80087974843091
12741.52076038019,-39.81153543215405
12750.375187593798,-39.82229664830471
12759.229614807404,-39.83316479923803
12768.084042021012,-39.844141287309235
12776.93846923462,-39.85522751487348
12785.792896448225,-39.866424884285955
12794.647323661831,-39.87773479790185
12803.501750875439,-39.88915865807635
12812.356178089045,-39.90069786716462
12821.210605302651,-39.91235382752185
12830.065032516259,-39.92412794150323
12838.919459729865,-39.936021611463936
12847.773886943472,-39.948036239759155
12856.62831415708,-39.960173228744075
12865.482741370686,-39.97243398077385
12874.337168584292,-39.9848198982037
12883.1915957979,-39.99733238338879
12892.046023011506,-40.0099728386843
12900.900450225114,-40.02274266644541
12909.75487743872,-40.035643269027325
12918.609304652326,-40.0486760487852
12927.463731865935,-40.06184240807423
12936.318159079541,-40.075143749249605
12945.172586293147,-40.08858147466648
12954.027013506755,-40.10215698668008
12962.88144072036,-40.11588708971321
12971.735867933967,-40.13007915890925
12980.590295147575,-40.144843182418896
12989.44472236118,-40.16016651051447
12998.299149574788,-40.1760364934683
13007.153576788396,-40.19244048155268
13016.008004002002,-40.20936582503994
13024.862431215608,-40.226799874202385
13033.716858429216,-40.244729979312346
13042.571285642822,-40.26314349064212
13051.425712856428,-40.28202775846405
13060.280140070035,-40.30137013305043
13069.134567283641,-40.321157964673596
13077.98899449725,-40.34137860360584
13086.843421710857,-40.36201940011951
13095.697848924463,-40.38306770448688
13104.55227613807,-40.4045108669803
13113.406703351677,-40.42633623787208
13122.261130565283,-40.44853116743454
13131.11555777889,-40.47108300593998
13139.969984992496,-40.493979103660735
13148.824412206104,-40.5172068108691
13157.678839419712,-40.540753477837406
13166.533266633318,-40.564606454837985
13175.387693846924,-40.588753092143115
13184.242121060532,-40.61318074002515
13193.096548274138,-40.63787674875638
13201.950975487744,-40.66282846860914
13210.805402701351,-40.688023249855746
13219.659829914957,-40.713448442768495
13228.514257128565,-40.73909139761972
13237.368684342173,-40.76493946468173
13246.223111555779,-40.79097999422685
13255.077538769385,-40.817200336527385
13263.931965982993,-40.843587841855665
13272.786393196599,-40.870129860483985
13281.640820410204,-40.896813742684685
13290.495247623812,-40.92362683873008
13299.34967483742,-40.95055649889247
13308.204102051028,-40.97759007344418
13317.058529264634,-41.00471491265753
13325.91295647824,-41.03191836680483
13334.767383691847,-41.0591877861584
13343.621810905453,-41.08651052099056
13352.47623811906,-41.113873921573614
13361.330665332667,-41.141265338179906
13370.185092546273,-41.16867212108171
13379.039519759881,-41.196081620551375
13387.893946973489,-41.223481186861214
13396.748374187095,-41.250858170283536
13405.6028014007,-41.278199921090646
13414.457228614308,-41.305493789554895
13423.311655827914,-41.33272712594857
13432.16608304152,-41.359887280543994
13441.020510255128,-41.38696160361349
13449.874937468736,-41.41393744542937
13458.729364682342,-41.44080215626394
13467.58379189595,-41.46754308638955
13476.438219109556,-41.49414758607847
13485.292646323162,-41.52060300560305
13494.14707353677,-41.546896695235596
13503.001500750375,-41.57301600524843
13511.855927963983,-41.598948285913856
13520.710355177589,-41.624680887504205
13529.564782391197,-41.65020116029178
13538.419209604805,-41.675496454548906
13547.27363681841,-41.7005541205479
13556.128064032016,-41.72536150856107
13564.982491245624,-41.749905968860745
13573.83691845923,-41.77417485171923
13582.691345672836,-41.79815550740886
13591.545772886444,-41.82183528620192
13600.40020010005,-41.84520153837075
13609.254627313658,-41.86824161418766
13618.109054527265,-41.89094286392498
13626.963481740871,-41.913292637855
13635.817908954477,-41.93527828625006
13644.672336168085,-41.95688715938246
13653.526763381691,-41.97810660752452
13662.381190595297,-41.998923980948575
13671.235617808905,-42.01932662992691
13680.090045022513,-42.03930190473187
13688.944472236119,-42.058837155635764
13697.798899449726,-42.07791973291089
13706.653326663332,-42.096536986829584
13715.50775387694,-42.11467626766416
13724.362181090546,-42.13232492568693
13733.216608304152,-42.14947031117021
13742.07103551776,-42.166099774386325
13750.925462731366,-42.182200665607574
13759.779889944974,-42.19776033510629
13768.634317158581,-42.21276613315479
13777.488744372187,-42.22720541002538
13786.343171585793,-42.24106551599038
13795.197598799401,-42.254333801322105
13804.052026013007,-42.266997616292876
13812.906453226613,-42.279044311175014
13821.76088044022,-42.29046123624082
13830.615307653828,-42.301235741762625
13839.469734867434,-42.31135517801273
13848.324162081042,-42.32080689526348
13857.178589294648,-42.329578243787154
13866.033016508254,-42.3376565738561
13874.887443721862,-42.34502923574262
13883.741870935468,-42.35168357971903
13892.596298149074,-42.35760695605765
13901.450725362682,-42.36278671503079
13910.30515257629,-42.367210206910784
13919.159579789897,-42.37086478196993
13928.014007003503,-42.37373779048055
13936.86843421711,-42.37581658271496
13945.722861430717,-42.37708850894548
13954.577288644323,-42.37754091944443
13963.431715857929,-42.37289265500637
13972.286143071537,-42.358118666835615
13981.140570285144,-42.333341813380265
13989.99499749875,-42.2986950068676
13998.849424712358,-42.254311159524875
14007.703851925964,-42.20032318357942
14016.55827913957,-42.1368639912585
14025.412706353178,-42.06406649478938
14034.267133566784,-41.98206360639938
14043.12156078039,-41.890988238315764
14051.975987993997,-41.79097330276579
14060.830415207605,-41.682151711976815
14069.684842421211,-41.564656378176046
14078.539269634819,-41.43862021359079
14087.393696848425,-41.30417613044836
14096.248124062031,-41.16145704097601
14105.102551275639,-41.010595857401015
14113.956978489245,-40.8517254919507
14122.811405702852,-40.684978856852304
14131.665832916458,-40.51048886433314
14140.520260130066,-40.3283884266205
14149.374687343674,-40.13881045594162
14158.22911455728,-39.94188786452384
14167.083541770886,-39.737753564594435
14175.937968984494,-39.52654046838061
14184.7923961981,-39.308381488109774
14193.646823411706,-39.08340953600914
14202.501250625313,-38.85175752430595
14211.355677838921,-38.6135583652276
14220.210105052527,-38.368944971001305
14229.064532266135,-38.1180502538543
14237.91895947974,-37.86100712601398
14246.773386693347,-37.59794849970757
14255.627813906955,-37.329007287162305
14264.48224112056,-37.054316400605586
14273.336668334166,-36.77400875226462
14282.191095547774,-36.488217254366646
14291.045522761382,-36.19707481913907
14299.899949974988,-35.90071435880911
14308.754377188596,-35.599268785603996
14317.608804402202,-35.29287101175112
14326.46323161581,-34.98165394947765
14335.317658829415,-34.665750511010984
14344.172086043021,-34.34529360857837
14353.02651325663,-34.020416154407016
14361.880940470237,-33.69125106072431
14370.735367683843,-33.35793123975751
14379.58979489745,-33.020589603733804
14388.444222111057,-32.67935906488063
14397.298649324663,-32.33437253542519
14406.15307653827,-31.985762927594703
14415.007503751876,-31.6336631536166
14423.861930965482,-31.27820612571808
14432.71635817909,-30.919524756126368
14441.570785392698,-30.557751957068877
14450.425212606304,-30.19302064077284
14459.279639819912,-29.82546371946545
14468.134067033518,-29.455214105374147
14476.988494247124,-29.082404710726138
14485.842921460731,-28.70716844774863
14494.697348674337,-28.329638228669058
14503.551775887943,-27.94994696571463
14512.406203101553,-27.56822757111256
14521.260630315159,-27.184612957090273
14530.115057528767,-26.799236035874912
14538.969484742373,-26.412229719693908
14547.823911955978,-26.02372692077447
14556.678339169586,-25.633860551343798
14565.532766383192,-25.242763523629332
14574.387193596798,-24.850568749858297
14583.241620810406,-24.45740914225787
14592.096048024014,-24.063417613055513
14600.95047523762,-23.66872707447843
14609.804902451227,-23.273470438753815
14618.659329664833,-22.877780618109107
14627.51375687844,-22.48179052477152
14636.368184092047,-22.085633070968264
14645.222611305653,-21.68944116892677
14654.077038519259,-21.29334773087425
14662.931465732869,-20.897485669037902
14671.785892946475,-20.50198789564518
14680.64032016008,-20.10698732292327
14689.494747373688,-19.712616863099388
14698.349174587294,-19.319009428400985
14707.2036018009,-18.926297931055252
14716.058029014508,-18.534615283289398
14724.912456228114,-18.14409439733086
14733.76688344172,-17.75486818540685
14742.62131065533,-17.367069559744568
14751.475737868936,-16.980831432571463
14760.330165082543,-16.596286716114655
14769.18459229615,-16.213568322601596
14778.039019509755,-15.832809164259464
14786.893446723363,-15.454142153315496
14795.747873936969,-15.077700201997116
14804.602301150575,-14.703616222531526
14813.456728364183,-14.332023127145952
14822.31115557779,-13.963053828067801
14831.165582791396,-13.59684123752432
14840.020010005004,-13.233518267742685
14848.87443721861,-12.873217830950331
14857.728864432216,-12.516072839374493
14866.583291645824,-12.16221620524235
14875.43771885943,-11.811780840781356
14884.292146073036,-11.464899658218716
14893.146573286645,-11.121705569781637
14902.001000500251,-10.782331487697544
14910.855427713857,-10.44691032419365
14919.709854927465,-10.115574991497196
14928.564282141071,-9.78845840183555
14937.418709354677,-9.46569346743597
14946.273136568285,-9.147413100525657
14955.12756378189,-8.833750213332046
14963.981990995499,-8.524837718082274
14972.836418209106,-8.22080852700375
14981.690845422712,-7.921795552323696
14990.54527263632,-7.627931706269346
14999.399699849926,-7.337233117415168
15008.254127063532,-7.045240362118305
15017.10855427714,-6.751885941439096
15025.962981490746,-6.4572576516146665
15034.817408704352,-6.161443288881974
15043.671835917961,-5.8645306494779605
15052.526263131567,-5.566607529639762
15061.380690345173,-5.26776172560433
15070.235117558781,-4.968081033608612
15079.089544772387,-4.66765324988974
15087.943971985993,-4.366566170684665
15096.7983991996,-4.0649075922303375
15105.652826413207,-3.762765310763886
15114.507253626813,-3.4602271225222645
15123.361680840422,-3.1573808237424212
15132.216108054028,-2.854314210661489
15141.070535267634,-2.551115079516418
15149.924962481242,-2.2478712265441567
15158.779389694848,-1.9446704479818382
15167.633816908456,-1.6416005400663514
15176.488244122062,-1.3387492990348284
15185.342671335668,-1.0362045211242201
15194.197098549277,-0.7340540025714752
15203.051525762883,-0.4323855396137263
15211.905952976489,-0.13128692848792195
15220.760380190097,0.16915403456898367
15229.614807403703,0.468849553319864
15238.469234617309,0.7677118315277656
15247.323661830917,1.0656530729557392
15256.178089044522,1.3625854813666558
15265.032516258128,1.658421260523558
15273.886943471738,1.9530726141895
15282.741370685344,2.2464517461273554
15291.59579789895,2.5384708601001664
15300.450225112558,2.8290421598709856
15309.304652326164,3.1180778492026806
15318.15907953977,3.4054901318583024
15327.013506753377,3.6911912116008954
15335.867933966983,3.975093292193343
15344.722361180591,4.257108577398678
15353.576788394199,4.537149270979956
15362.431215607805,4.81512757670005
15371.285642821413,5.090955698322064
15380.140070035019,5.36454583960887
15388.994497248625,5.635810204323521
15397.848924462232,5.904660996229056
15406.703351675838,6.171010419088351
15415.557778889444,6.4347706766644635
15424.412206103054,6.6958539727204185
15433.26663331666,6.9541725110191175
15442.121060530266,7.20963849532359
15450.975487743874,7.462164129396876
15459.82991495748,7.711661617001873
15468.684342171086,7.9580431619016165
15477.538769384693,8.201220967859136
15486.3931965983,8.441107238637333
15495.247623811905,8.67761417799925
15504.102051025515,8.910653989707907
15512.95647823912,9.137181967143128
15521.810905452727,9.34723375838837
15530.665332666335,9.543626612585093
15539.51975987994,9.730485784706119
15548.374187093546,9.911936529724393
15557.228614307154,10.092104102612856
15566.08304152076,10.275113758344334
15574.93746873437,10.465090751891811
15583.791895947976,10.666160338228106
15592.646323161582,10.882447772326167
15601.50075037519,11.118078309158943
15610.355177588795,11.377177203699237
15619.209604802401,11.658468827590395
15628.06403201601,11.957963544716659
15636.918459229615,12.27608988362754
15645.772886443221,12.613277183036775
15654.62731365683,12.969954781658112
15663.481740870437,13.346552018205092
15672.336168084043,13.74349823139145
15681.19059529765,14.16122275993096
15690.045022511256,14.600154942537126
15698.899449724862,15.060724117923709
15707.75387693847,15.54335962480448
15716.608304152076,16.048490801892928
15725.462731365684,16.57654698790283
15734.317158579292,17.127957521547966
15743.171585792898,17.703151741541802
15752.026013006503,18.30457910169162
15760.880440220111,18.963257467664484
15769.734867433717,19.687240286189006
15778.589294647325,20.473457374218146
15787.443721860931,21.318838548704274
15796.298149074537,22.220313626600216
15805.152576288147,23.174812424858843
15814.007003501752,24.179264760432453
15822.861430715358,25.230600450273915
15831.715857928966,26.325749311336125
15840.570285142572,27.461641160571332
15849.424712356178,28.63520581493242
15858.279139569786,29.84337309137231
15867.133566783392,31.083072806843205
15875.987993997,32.351234778298014
15884.842421210607,33.66248722283609
15893.696848424213,35.10983870913895
15902.55127563782,36.691524949548686
15911.405702851427,38.388826928684445
15920.260130065033,40.183025631164334
15929.114557278639,42.05540204160745
15937.968984492247,43.987237144632985
15946.823411705853,45.95981192485891
15955.67783891946,47.95440736690443
15964.532266133068,49.9523044553887
15973.386693346674,51.93478417492971
15982.241120560282,53.88312751014702
15991.095547773888,55.77861544565862
15999.949974987494,57.60252896608372
16008.8044022011,59.336149056041066
16017.658829414706,61.000740793041864
16026.513256628316,62.67575931881032
16035.367683841923,64.35631344173703
16044.22211105553,66.03382977086655
16053.076538269135,67.69973491524277
16061.930965482741,69.3454554839096
16070.785392696347,70.96241808591098
16079.639819909957,72.54204933029142
16088.494247123563,74.07577582609356
16097.348674337169,75.55502418236192
16106.203101550776,76.97122100814043
16115.057528764382,78.31579291247301
16123.911955977992,79.58016650440402
16132.766383191598,80.75576839297635
16141.620810405204,81.86396260118381
16150.47523761881,82.93750975591176
16159.329664832416,83.97591967421172
16168.184092046022,84.97862416751984
16177.038519259631,85.94505504727266
16185.89294647324,86.87464412490553
16194.747373686845,87.76682321185503
16203.601800900451,88.62102411955729
16212.456228114057,89.43667865944846
16221.310655327663,90.21321864296466
16230.165082541273,90.9500758815424
16239.019509754879,91.64668218661717
16247.873936968484,92.30850391304429
16256.728364182092,92.98934479297954
16265.582791395698,93.68850757882664
16274.437218609304,94.38903112384328
16283.291645822914,95.07395428128734
16292.14607303652,95.72631590441594
16301.000500250126,96.32915484648693
16309.854927463732,96.86550996075802
16318.709354677338,97.31842010048679
16327.563781890947,97.67092411893105
16336.418209104555,97.90606086934811
16345.272636318161,98.00686920499581
16354.127063531767,98.00511210469557
16362.981490745373,97.98820140027894
16371.835917958979,97.95880739829019
16380.690345172588,97.91724809330368
16389.544772386194,97.86384147989395
16398.3991995998,97.79890555263536
16407.253626813406,97.72275830610236
16416.108054027012,97.63571773486935
16424.96248124062,97.53810183351077
16433.816908454228,97.43022859660101
16442.671335667834,97.31241601871459
16451.525762881443,97.18498209442589
16460.38019009505,97.04824481830931
16469.234617308655,96.90252218493933
16478.08904452226,96.69898077066836
16486.94347173587,96.21885482638427
16495.797898949477,95.45987483467083
16504.652326163083,94.44997212655868
16513.50675337669,93.21707803307864
16522.361180590295,91.78912388526152
16531.215607803904,90.19404101413741
16540.07003501751,88.45976075073843
16548.924462231116,86.61421442609475
16557.778889444722,84.6853333712372
16566.633316658328,82.70104891719657
16575.487743871934,80.68929239500363
16584.342171085544,78.67799513568842
16593.19659829915,76.69508847028334
16602.05102551276,74.76850372981835
16610.905452726365,72.92617224532432
16619.75987993997,71.15035060471978
16628.614307153577,69.33734319050666
16637.468734367187,67.48121078078893
16646.323161580793,65.5816146112416
16655.1775887944,63.6382159175375
16664.032016008005,61.650675935350144
16672.88644322161,59.61865590035309
16681.740870435216,57.54181704821988
16690.595297648826,55.41982061462321
16699.449724862432,53.25232783523831
16708.304152076038,51.038999945737906
16717.158579289644,48.7794981817955
16726.01300650325,46.45245124051472
16734.86743371686,44.00758734625505
16743.721860930465,41.45841496484974
16752.576288144075,38.82212480197424
16761.43071535768,36.115907563305036
16770.285142571287,33.35695395451858
16779.139569784893,30.56245468129133
16787.993996998503,27.749600449298622
16796.84842421211,24.935581964219185
16805.702851425714,22.13758993172834
16814.55727863932,19.372815057502542
16823.411705852926,16.658448047218265
16832.266133066532,14.011679606551963
16841.120560280142,11.449700441179097
16849.974987493748,8.916798570406218
16858.829414707354,6.314181161333795
16867.68384192096,3.6675839811570086
16876.538269134566,1.004688498365289
16885.39269634817,-1.6468238185519464
16894.24712356178,-4.259271501106304
16903.10155077539,-6.804973080806255
16911.955977988997,-9.256247089163434
16920.810405202603,-11.585412057688416
16929.66483241621,-13.764786517891784
16938.51925962982,-15.766689001284865
16947.373686843424,-17.563438039376628
16956.22811405703,-19.127359308645197
16965.082541270636,-20.581291773548248
16973.936968484242,-22.04776093756525
16982.79139569785,-23.50474317913521
16991.645822911458,-24.930214876697686
17000.500250125064,-26.302152408690528
17009.35467733867,-27.598532153553318
17018.209104552276,-28.797330489725063
17027.06353176588,-29.876523795644747
17035.917958979488,-30.81408844975138
17044.772386193097,-31.58800083048424
17053.626813406707,-32.17623731628171
17062.481240620313,-32.556774285583096
17071.33566783392,-32.70758811682745
17080.190095047525,-32.67042067436417
17089.04452226113,-32.53892247138385
17097.89894947474,-32.32296176686218
17106.753376688346,-32.03143596368328
17115.607803901952,-31.673242464731022
17124.462231115558,-31.257278672889356
17133.316658329164,-30.792441991042207
17142.171085542774,-30.287629822073317
17151.02551275638,-29.751739568867016
17159.879939969986,-29.19366863430706
17168.73436718359,-28.622314421277395
17177.588794397197,-28.046574332661947
17186.443221610803,-27.475345771344664
17195.297648824413,-26.917526140209254
17204.152076038023,-26.367545550844543
17213.00650325163,-25.759217421807133
17221.860930465235,-25.092551716925215
17230.71535767884,-24.37864348997181
17239.569784892446,-23.628587794719934
17248.424212106056,-22.8534796849423
17257.278639319662,-22.064414214412544
17266.133066533268,-21.272486436903385
17274.987493746874,-20.48879140618784
17283.84192096048,-19.724424176038937
17292.696348174086,-18.990479800229686
17301.550775387695,-18.29805333253284
17310.4052026013,-17.643855344495414
17319.259629814907,-16.984819496744194
17328.114057028513,-16.319111689119
17336.96848424212,-15.64902313049476
17345.82291145573,-14.97684502974607
17354.67733866934,-14.304868595748388
17363.531765882944,-13.63538503737633
17372.38619309655,-12.970685563504802
17381.240620310156,-12.313061383008693
17390.095047523762,-11.664803704762898
17398.949474737372,-11.028203737642068
17407.803901950978,-10.405552690521604
17416.658329164584,-9.79914177227615
17425.51275637819,-9.211262191780602
17434.367183591796,-8.644205157909852
17443.2216108054,-8.100261879538799
17452.07603801901,-7.581723565542139
17460.930465232617,-7.090881424795181
17469.784892446223,-6.630026666172612
17478.63931965983,-6.201450498549326
17487.493746873435,-5.807444130800225
17496.34817408704,-5.450298771800196
17505.202601300654,-5.131558097161897
17514.05702851426,-4.844205473317612
17522.911455727866,-4.582315121391135
17531.765882941472,-4.3412919444785265
17540.62031015508,-4.116540845675847
17549.474737368688,-3.903466728079072
17558.329164582294,-3.697474494784434
17567.1835917959,-3.4939690488879047
17576.038019009506,-3.2883552934855436
17584.89244622311,-3.076038131673415
17593.746873436718,-2.852422466547575
17602.601300650327,-2.6183371831320486
17611.455727863933,-2.383304286158229
17620.31015507754,-2.147680929415348
17629.164582291145,-1.911464082423881
17638.01900950475,-1.6746507147043033
17646.873436718357,-1.437237795777091
17655.727863931967,-1.1992222951626224
17664.582291145576,-0.9606011823815656
17673.436718359182,-0.7213714269542991
17682.291145572788,-0.4815299984012987
17691.145572786394,-0.2410738662430412
17700.0,0.0
